income,loan_amount,credit_score,credit_utilization,delinquencies,repayment_score,employment_years,dti,ltv,employment_type,loan_purpose,defaulted
68655.64,2243.19,580,0.3369,0,67.0,7.6,0.0432,0.05,Full-time,Home Improvement,0
122860.12,3093.01,696,0.1241,0,95.1,5.6,0.0133,0.05,Full-time,Debt Consolidation,0
89256.63,14346.62,759,0.4091,0,,,0.0716,0.05,Full-time,Major Purchase,0
38036.31,5149.61,668,0.4872,0,78.1,8.6,0.1247,0.05,Full-time,Debt Consolidation,0
32173.43,6883.93,554,0.3094,1,69.9,2.1,0.1579,0.0806,,Business,1
54019.12,4460.13,711,0.5042,2,81.7,4.5,0.1315,0.05,Full-time,Debt Consolidation,0
25671.99,19122.57,580,0.2952,0,46.9,6.5,0.2616,0.2051,Full-time,Debt Consolidation,1
24588.48,11636.53,619,0.1294,0,95.1,4.4,0.1515,0.215,,Debt Consolidation,1
39776.63,6948.82,618,0.0371,0,23.9,12.8,0.0486,0.1065,Full-time,Debt Consolidation,0
48038.03,38430.43,716,0.2053,0,82.5,5.3,0.2228,0.2199,Full-time,Debt Consolidation,0
29931.84,16878.39,605,0.3626,0,60.2,8.8,0.2225,0.1724,Part-time,Major Purchase,0
22519.44,14797.03,580,0.0759,0,54.2,1.8,0.182,0.3393,Full-time,Debt Consolidation,0
49708.19,34416.75,456,0.4441,1,19.7,5.9,0.2546,0.2389,Full-time,Debt Consolidation,1
64814.71,51851.77,661,0.1857,0,73.6,8.2,0.2126,0.2445,Full-time,Home Improvement,0
126133.05,5356.92,691,0.6056,0,98.6,5.6,0.0448,0.05,Full-time,Debt Consolidation,0
37673.31,21153.52,770,0.2702,0,97.8,7.5,0.1864,0.2093,Part-time,Home Improvement,0
52262.3,41809.84,641,0.2956,1,93.2,2.8,0.2557,0.2168,Full-time,Debt Consolidation,0
71050.31,8633.41,688,0.1765,0,91.8,6.6,0.047,0.0596,Part-time,Home Improvement,0
30691.09,7769.97,681,0.255,1,82.6,7.0,0.1597,0.1081,Full-time,Home Improvement,0
91347.78,14295.0,624,0.1602,0,62.3,14.0,0.0502,0.05,Self-employed,Home Improvement,0
70839.51,7402.31,660,0.5016,1,66.6,2.4,0.093,0.05,Full-time,Home Improvement,0
46011.09,19416.95,726,0.437,0,60.2,0.8,0.1697,0.2249,Part-time,Home Improvement,0
65785.45,7350.21,719,0.6888,0,90.2,2.4,0.1022,0.05,Full-time,Education,0
86083.11,5086.27,712,0.4657,0,100.0,6.9,0.0531,0.05,Full-time,Home Improvement,0
59906.92,46532.25,730,0.2423,1,75.3,5.5,0.2356,0.261,Full-time,Debt Consolidation,0
104647.84,12841.6,650,0.1791,0,95.3,1.1,0.0418,0.05,Full-time,Debt Consolidation,0
184217.86,9914.78,635,0.2675,1,86.8,4.8,0.0299,0.05,Full-time,Debt Consolidation,0
69525.43,18840.63,582,0.3034,0,33.6,10.1,0.0965,0.1299,Full-time,Debt Consolidation,0
51106.43,35000.4,606,0.0555,1,,,0.1957,0.1848,Full-time,Home Improvement,0
28804.42,9520.22,486,0.1119,0,48.2,5.9,0.1073,0.1138,Self-employed,Education,1
110230.71,7297.98,694,0.0706,0,86.7,11.1,0.0205,0.05,Full-time,Education,0
56857.96,4289.77,640,0.1852,1,77.2,12.0,0.0627,0.05,Full-time,Debt Consolidation,0
38045.78,15070.54,622,0.3026,0,77.6,3.5,0.1523,0.1196,Full-time,Education,0
51003.24,36491.81,645,0.1282,0,58.6,10.6,0.1898,0.2321,Part-time,Home Improvement,0
29416.01,5432.54,715,0.2333,1,52.9,5.6,0.1422,0.1021,Full-time,Major Purchase,1
48420.45,24093.98,702,0.0664,1,61.8,2.1,0.1541,0.1281,Full-time,Major Purchase,0
64859.22,17919.72,670,0.4121,2,49.6,6.4,0.1491,0.0998,Full-time,Business,1
94966.72,29279.24,578,0.1214,0,55.5,15.7,0.0832,0.0855,Full-time,Debt Consolidation,0
19054.71,2175.82,636,0.402,0,72.2,10.2,0.1793,0.05,Full-time,Debt Consolidation,0
51127.47,29833.03,781,0.3026,0,97.3,7.3,0.1827,0.2218,Self-employed,Debt Consolidation,0
35364.02,13732.54,597,0.2403,0,87.5,3.2,0.1421,0.1141,Self-employed,Major Purchase,0
39947.88,17511.01,542,0.1212,1,65.2,4.8,0.1571,0.1313,Full-time,Debt Consolidation,0
47687.11,21846.73,554,0.4183,0,39.0,9.6,0.1731,0.11,Full-time,Home Improvement,0
37450.07,2944.89,739,0.0849,0,78.4,4.2,0.0352,0.05,Full-time,Home Improvement,0
40703.61,7331.37,623,0.0537,3,40.7,13.0,0.1412,0.0842,Part-time,Debt Consolidation,1
30200.34,24160.27,689,0.5364,0,88.0,4.5,0.3199,0.3393,Part-time,Business,0
17000.08,13600.07,850,0.1892,0,87.9,6.8,0.2721,0.4011,Full-time,Home Improvement,0
48975.15,24729.93,756,0.2982,2,88.0,5.4,0.214,0.1894,Full-time,Home Improvement,0
40290.84,2875.82,747,0.3041,2,92.2,2.8,0.131,0.05,Full-time,Business,0
146743.51,19867.83,662,0.1639,1,63.9,2.6,0.0487,0.05,Full-time,Debt Consolidation,0
22436.34,9040.3,590,0.3066,0,58.2,2.7,0.1951,0.1409,Full-time,Home Improvement,0
40908.29,3192.89,722,0.0674,0,81.7,7.5,0.0306,0.05,Full-time,Debt Consolidation,0
31173.34,11878.92,631,0.2971,0,67.3,3.4,0.1601,0.1073,Full-time,Education,0
26063.6,4262.76,514,0.1191,0,36.9,7.3,0.0721,0.0571,Part-time,Debt Consolidation,0
26241.81,10036.54,554,0.4015,0,45.7,8.3,0.2019,0.1579,Full-time,Education,1
31895.56,25516.45,715,0.1241,1,80.7,2.9,0.2576,0.2844,Full-time,Debt Consolidation,0
62172.72,49738.18,570,0.1391,0,71.1,9.4,0.2081,0.3399,Full-time,Business,0
29230.58,12975.28,663,0.125,1,49.5,4.1,0.1784,0.1209,Full-time,Business,0
38218.99,13235.63,650,0.2525,2,50.9,3.7,0.1935,0.1122,Self-employed,Debt Consolidation,1
68134.04,44233.38,535,0.3263,0,77.4,7.5,0.1903,0.3113,Full-time,Home Improvement,0
41440.84,33152.68,728,0.1355,0,60.2,8.6,0.2155,0.2557,Full-time,Debt Consolidation,0
70223.19,7285.31,684,0.2628,0,100.0,3.9,0.0518,0.066,Full-time,Major Purchase,0
86007.66,19338.03,618,0.3888,0,78.5,4.6,0.0865,0.097,,Debt Consolidation,0
88020.69,8492.61,644,0.6107,0,71.8,2.3,0.0731,0.05,Part-time,Debt Consolidation,0
17651.56,3189.29,675,0.2434,0,98.7,6.4,0.1426,0.0644,Full-time,Business,0
90394.92,9320.18,618,0.07,3,68.8,6.1,0.0701,0.05,Part-time,Debt Consolidation,0
37095.64,29676.51,668,0.4222,0,77.2,4.1,0.2739,0.4198,Full-time,Major Purchase,0
43143.48,2936.49,678,0.3211,0,62.1,5.3,0.0699,0.05,Full-time,Education,0
32609.72,9805.84,617,0.1811,1,63.0,5.3,0.149,0.1203,Full-time,Debt Consolidation,0
33954.47,13279.94,625,0.3458,0,93.9,1.9,0.1672,0.1911,Full-time,Debt Consolidation,0
79242.07,6753.23,811,0.2765,0,97.7,2.8,0.0456,0.05,Full-time,Major Purchase,0
63632.01,17186.52,685,0.3941,1,45.9,3.0,0.1283,0.114,Self-employed,Business,1
51430.95,10840.15,652,0.1442,0,66.8,1.3,0.0708,0.0624,Full-time,Education,0
62176.05,15327.51,613,0.4523,0,65.1,8.2,0.1115,0.0997,Full-time,Home Improvement,1
29501.48,23601.18,658,0.345,0,74.0,11.6,0.2762,0.2426,Self-employed,Business,0
127290.31,11633.43,622,0.4778,0,77.6,1.3,0.049,0.05,Full-time,Education,0
31886.48,25509.18,713,0.2651,0,91.0,8.8,0.2519,0.1869,Full-time,Education,0
84583.87,24147.17,623,0.3454,0,80.5,8.3,0.0979,0.1099,,Debt Consolidation,0
43168.51,2295.2,523,0.4898,0,52.3,5.3,0.0945,0.05,Self-employed,Major Purchase,1
65694.43,32939.73,696,0.3276,0,68.6,7.7,0.1562,0.1761,Full-time,Home Improvement,0
24605.47,19684.38,693,0.1182,0,61.2,3.0,0.2266,0.3015,Full-time,Home Improvement,0
94753.7,32194.4,607,0.382,0,95.1,8.2,0.1106,0.1898,Full-time,Business,0
54657.09,3344.19,668,0.1453,1,84.1,2.6,0.0558,0.05,Unemployed,Home Improvement,0
79106.62,2229.15,742,0.3479,1,80.8,0.5,0.0536,0.05,Full-time,Debt Consolidation,0
40470.78,32376.62,630,0.4998,1,43.8,7.5,0.3106,0.2733,Full-time,Education,1
19165.65,13544.07,674,0.1232,1,82.9,8.7,0.2785,0.2171,Full-time,Major Purchase,0
62772.23,2602.74,708,0.2234,0,74.7,6.4,0.0356,0.05,Full-time,Debt Consolidation,0
49049.93,2047.84,577,0.1442,0,52.2,2.6,0.0312,0.05,Part-time,Major Purchase,0
97604.48,5540.17,573,0.3286,1,69.8,2.5,0.0502,0.05,Full-time,Debt Consolidation,0
21789.07,8452.54,630,0.1654,1,61.7,3.3,0.2028,0.1346,Full-time,Home Improvement,0
143212.6,3001.15,763,0.0854,0,83.5,7.4,0.01,0.05,Full-time,Debt Consolidation,0
55548.93,15332.93,560,0.4302,0,64.2,4.7,0.122,0.1074,Full-time,Debt Consolidation,1
38111.52,15712.67,679,0.2216,0,69.9,3.4,0.1408,0.1091,Full-time,Home Improvement,0
79165.09,7207.16,795,0.0578,1,81.4,10.1,0.0423,0.05,Part-time,Debt Consolidation,0
61053.91,26751.39,649,0.1596,0,47.2,9.0,0.124,0.1787,Part-time,Debt Consolidation,0
54803.12,10777.51,700,0.2255,0,83.9,3.2,0.0768,0.0538,Part-time,Major Purchase,0
57097.56,25275.48,640,0.3558,1,76.7,5.8,0.1721,0.1532,Full-time,Debt Consolidation,0
59858.88,5913.79,702,0.094,0,81.4,3.4,0.035,0.05,Full-time,Debt Consolidation,0
30648.83,24304.4,623,0.3856,2,60.6,5.9,0.3592,0.2889,Full-time,Education,1
83383.78,30711.92,537,0.117,1,38.3,4.7,0.1129,0.124,Full-time,Debt Consolidation,1
39640.45,10846.2,784,0.0857,1,67.5,11.1,0.1115,0.1023,Part-time,Home Improvement,0
131603.42,47435.47,617,0.4783,0,89.8,2.9,0.1127,0.1044,Self-employed,Debt Consolidation,0
109933.86,15125.23,725,0.257,1,93.8,2.2,0.0608,0.0688,Part-time,Debt Consolidation,0
30725.35,8537.08,735,0.131,0,95.2,13.7,0.0974,0.092,Full-time,Debt Consolidation,0
77902.44,6144.17,505,0.2555,2,30.2,6.5,0.0734,0.05,Full-time,Debt Consolidation,1
108488.01,2023.32,608,0.2257,0,84.9,10.2,0.0195,0.05,Full-time,Debt Consolidation,0
26504.06,11773.96,702,0.3337,0,64.0,9.3,0.1973,0.2503,Full-time,Debt Consolidation,0
24202.97,19362.37,598,0.3977,0,71.1,6.7,0.3103,0.2874,Full-time,Debt Consolidation,0
65540.99,42251.47,635,0.4957,0,44.7,14.5,0.2092,0.1909,Full-time,Debt Consolidation,0
82051.89,13424.2,614,0.1302,0,79.3,3.2,0.0507,0.0544,Full-time,Debt Consolidation,0
94697.56,12730.05,618,0.1154,0,89.5,3.3,0.041,0.0529,Full-time,Home Improvement,0
49517.54,15051.72,559,0.6206,0,52.2,1.8,0.1632,0.1294,Self-employed,Education,1
116602.63,22015.45,564,0.2621,1,78.7,7.0,0.0718,0.0599,Full-time,Major Purchase,0
25271.53,2149.9,568,0.0315,0,53.3,9.0,0.0294,0.05,Full-time,Education,0
29773.86,4625.71,736,0.4589,2,74.9,3.9,0.2289,0.0822,Full-time,Debt Consolidation,0
47410.66,37928.53,629,0.3038,0,57.8,3.2,0.2381,0.3236,Self-employed,Debt Consolidation,1
45230.42,10476.15,479,0.1255,0,57.9,6.2,0.0756,0.1097,Self-employed,Major Purchase,0
20000.94,7294.97,586,0.1284,0,81.4,0.8,0.1338,0.1121,Full-time,Home Improvement,0
81642.83,21447.77,688,0.1994,0,85.1,5.1,0.0806,0.1223,,Debt Consolidation,0
86119.03,12063.81,850,0.2015,0,100.0,10.8,0.0505,0.0892,Full-time,Debt Consolidation,0
16806.15,8123.95,725,0.1532,0,89.3,8.0,0.1817,0.1801,Full-time,Debt Consolidation,0
52441.97,7180.04,697,0.5217,0,81.4,0.8,0.1045,0.05,Unemployed,Debt Consolidation,0
42453.62,14005.14,657,0.5043,1,82.5,8.4,0.193,0.1149,Full-time,Debt Consolidation,0
48738.26,3779.51,594,0.4874,1,52.1,4.8,0.1152,0.05,Full-time,Home Improvement,0
161014.88,2230.27,676,0.3478,0,51.7,3.9,0.0189,0.05,Full-time,Debt Consolidation,0
117806.19,70093.48,700,0.1732,0,80.0,5.8,0.1534,0.1512,Full-time,Major Purchase,0
59929.33,6558.33,696,0.6361,0,73.8,1.2,0.1027,0.0679,,Education,0
77868.33,9104.3,624,0.1617,0,74.8,7.5,0.043,0.05,Part-time,Debt Consolidation,0
37491.32,19156.08,598,0.0633,0,49.1,9.1,0.1348,0.208,Full-time,Debt Consolidation,0
38131.55,30505.24,780,0.0889,0,100.0,9.6,0.2088,0.2101,Self-employed,Debt Consolidation,0
65612.62,20268.1,664,0.3621,0,71.4,5.3,0.1139,0.1641,Full-time,Debt Consolidation,0
23317.71,18654.16,591,0.1551,0,60.8,2.5,0.2399,0.2566,Full-time,Home Improvement,0
45549.79,36439.83,778,0.2139,0,71.7,5.4,0.2258,0.2947,Part-time,Home Improvement,0
32014.98,4587.54,644,0.3249,0,70.3,12.0,0.1075,0.05,Full-time,Debt Consolidation,0
47232.34,11539.34,723,0.1255,0,89.4,1.2,0.0778,0.104,Full-time,Business,0
28704.66,6482.58,628,0.4761,1,67.7,8.1,0.2154,0.0827,Part-time,Debt Consolidation,0
49157.91,29148.74,730,0.6768,0,74.8,3.7,0.2414,0.156,Full-time,Home Improvement,0
38834.97,15316.9,712,0.5398,1,73.1,4.4,0.2256,0.155,Full-time,Debt Consolidation,0
92496.58,7632.67,743,0.2885,2,86.0,6.7,0.0682,0.05,Full-time,Debt Consolidation,0
80722.68,7234.56,621,0.0964,0,72.1,4.7,0.0301,0.0546,Full-time,Debt Consolidation,0
29885.42,12413.32,621,0.197,0,56.9,8.4,0.1472,0.2341,Full-time,Debt Consolidation,0
47546.34,16944.25,730,0.3789,0,73.4,8.1,0.1429,0.1446,Full-time,Major Purchase,0
52475.14,10534.94,702,0.3699,0,86.8,2.2,0.0989,0.0663,Full-time,Business,0
45038.85,36031.08,673,0.2049,1,100.0,4.4,0.2514,0.3622,Full-time,Education,0
220103.47,4865.83,820,0.1199,0,82.9,5.7,0.01,0.05,Full-time,Debt Consolidation,0
30037.62,4026.31,610,0.143,2,40.8,5.7,0.1464,0.05,Full-time,Debt Consolidation,1
69294.12,8841.29,655,0.4178,1,71.1,2.6,0.0914,0.05,Full-time,Debt Consolidation,1
33651.26,18545.94,669,0.3027,0,56.7,4.6,0.197,0.1879,Part-time,Home Improvement,0
41569.1,7316.83,720,0.0911,2,82.7,7.9,0.1158,0.0525,Full-time,Education,0
34018.79,26176.42,648,0.6144,1,40.0,9.2,0.35,0.3186,Full-time,Business,1
98891.16,12194.43,526,0.3629,0,51.7,3.6,0.056,0.0571,Full-time,Business,0
72398.55,15938.69,641,0.3899,0,79.9,5.0,0.0916,0.0631,Unemployed,Debt Consolidation,0
49323.98,3234.23,718,0.0999,0,98.7,4.9,0.0303,0.05,Full-time,Major Purchase,0
25225.18,3141.4,665,0.3728,0,77.2,2.4,0.1363,0.05,Full-time,Debt Consolidation,0
73547.42,5742.07,850,0.4396,0,98.9,3.8,0.0618,0.05,Full-time,Education,0
57393.28,18606.42,632,0.2807,2,83.3,7.5,0.1548,0.0949,Full-time,Debt Consolidation,0
91101.0,4018.79,715,0.1004,0,77.4,6.5,0.0185,0.05,Self-employed,Debt Consolidation,0
54049.12,23594.23,632,0.5729,1,64.8,11.1,0.2033,0.1403,Part-time,Debt Consolidation,0
68460.99,33368.93,707,0.0327,0,79.2,3.8,0.1204,0.2741,Full-time,Debt Consolidation,0
55645.05,42056.62,665,0.343,1,83.3,4.8,0.2473,0.2145,Full-time,Major Purchase,0
61487.85,11424.47,565,0.2127,1,58.5,4.0,0.089,0.0694,Full-time,Home Improvement,0
31371.63,25097.3,634,0.2848,0,83.8,6.7,0.2574,0.2354,Self-employed,Debt Consolidation,0
50444.7,35811.12,763,0.1432,0,100.0,5.9,0.1908,0.2344,Full-time,Debt Consolidation,0
32414.43,17062.46,817,0.2006,0,60.5,6.2,0.1709,0.1271,Full-time,Education,0
154738.92,34032.73,784,0.0352,0,93.1,8.7,0.0544,0.1015,Full-time,Debt Consolidation,0
68462.31,10381.99,639,0.216,0,79.0,4.9,0.0591,0.0689,Self-employed,Business,0
40485.4,32388.32,680,0.3184,0,74.7,5.7,0.2486,0.2617,Full-time,Debt Consolidation,0
131727.66,2382.32,719,0.4697,2,84.9,10.0,0.0482,0.05,Part-time,Debt Consolidation,0
57517.85,15150.54,559,0.4023,0,26.7,2.7,0.1136,0.0837,Full-time,Debt Consolidation,1
24529.97,19623.97,554,0.1609,0,54.0,6.3,0.2392,0.2072,Unemployed,Debt Consolidation,1
30409.75,13958.77,744,0.2794,0,99.3,10.5,0.1763,0.232,Unemployed,Home Improvement,0
64672.73,28481.46,761,0.0748,0,96.3,7.5,0.114,0.1671,,Major Purchase,0
52340.31,11879.35,599,0.0788,0,68.8,5.3,0.0653,0.0606,Part-time,Major Purchase,0
47661.79,4587.3,518,0.4302,0,50.0,7.7,0.0881,0.05,Full-time,Education,0
171976.06,42985.18,698,0.3422,1,100.0,6.1,0.0813,0.0942,Full-time,Debt Consolidation,0
65664.32,52531.46,619,0.3394,0,31.3,12.4,0.2292,0.327,Full-time,Debt Consolidation,1
104970.79,36769.17,675,0.0938,0,58.7,4.4,0.0905,0.1122,Part-time,Debt Consolidation,0
50385.88,13317.52,690,0.316,1,85.4,2.6,0.1324,0.126,Full-time,Education,0
59281.13,6997.29,705,0.4439,0,68.8,5.5,0.0822,0.0545,Full-time,Business,0
85247.52,11347.4,723,0.5237,0,76.3,5.4,0.0762,0.0713,Full-time,Business,0
65271.82,3339.41,652,0.2604,0,71.7,3.9,0.041,0.05,Full-time,Education,0
36409.37,15276.05,646,0.059,0,39.3,1.5,0.1124,0.1079,Full-time,Debt Consolidation,0
71752.82,26785.37,764,0.3965,0,100.0,3.2,0.1294,0.115,Full-time,Home Improvement,1
103741.24,10547.78,649,0.2954,0,56.5,6.1,0.0449,0.05,Full-time,Home Improvement,0
52822.77,17438.69,708,0.3646,0,73.1,8.1,0.1289,0.0996,Full-time,Home Improvement,0
37973.79,9113.29,714,0.4234,0,76.8,8.7,0.1379,0.1064,Full-time,Debt Consolidation,0
112472.45,37509.61,652,0.1909,0,71.1,6.9,0.0923,0.1577,Full-time,Business,0
50993.43,40794.74,770,0.2544,0,87.5,2.9,0.2279,0.3098,Part-time,Home Improvement,0
31722.93,25378.35,654,0.3352,0,75.6,6.6,0.2681,0.369,Full-time,Debt Consolidation,1
51561.96,26192.65,676,0.3399,1,57.2,7.7,0.1927,0.1581,Full-time,Education,0
41346.78,24019.64,659,0.2198,0,75.8,8.2,0.1777,0.2148,Full-time,Business,0
64222.89,30118.27,630,0.1204,2,64.9,3.3,0.1634,0.1149,Full-time,Education,0
75734.27,4954.09,689,0.4657,0,92.7,9.0,0.06,0.05,Full-time,Debt Consolidation,0
38542.03,15011.89,645,0.3652,0,80.4,5.7,0.1617,0.2242,Part-time,Major Purchase,0
63049.78,14719.27,724,0.0655,0,73.3,6.7,0.0635,0.117,Full-time,Major Purchase,0
26980.47,21584.38,749,0.148,0,63.8,8.0,0.2315,0.2393,Full-time,Debt Consolidation,1
42945.17,4221.65,597,0.0276,0,55.8,0.6,0.0282,0.05,Full-time,Debt Consolidation,0
62201.42,11845.36,655,0.4141,0,74.5,12.0,0.0936,0.0527,Self-employed,Home Improvement,0
45561.3,36449.04,808,0.2105,0,67.9,4.2,0.2253,0.3929,Full-time,Debt Consolidation,0
32537.6,26030.08,627,0.2135,1,73.2,3.0,0.2761,0.2639,Full-time,Debt Consolidation,0
127329.55,13665.36,550,0.3191,1,66.9,13.7,0.0532,0.0592,Full-time,Debt Consolidation,0
55600.94,22900.25,752,0.6942,0,88.8,2.4,0.1887,0.1138,Full-time,Home Improvement,0
90234.13,3862.01,708,0.2496,1,53.5,6.5,0.0435,0.05,Self-employed,Business,0
52346.53,4545.29,755,0.3526,1,97.0,7.4,0.0923,0.05,Full-time,Major Purchase,0
53031.57,25540.41,671,0.3774,1,57.3,12.3,0.1895,0.2286,Full-time,Home Improvement,0
36861.68,18716.35,650,0.4035,0,74.5,17.5,0.2007,0.1627,Full-time,Debt Consolidation,0
26969.02,21575.22,597,0.1167,0,50.9,2.2,0.2232,0.2415,Full-time,Education,1
60955.07,22130.58,608,0.2369,1,73.6,3.7,0.1348,0.1089,Part-time,Debt Consolidation,0
48518.31,19822.8,516,0.1342,1,32.3,1.0,0.1427,0.0976,Full-time,Debt Consolidation,1
82046.63,11783.99,683,0.1942,1,70.3,3.3,0.0661,0.0515,Full-time,Debt Consolidation,0
31337.89,25070.31,656,0.1846,0,92.5,6.2,0.2344,0.3236,Part-time,Business,0
92655.09,13164.41,634,0.1918,1,62.6,11.2,0.062,0.05,Full-time,Debt Consolidation,0
165911.51,52073.96,564,0.0285,0,11.9,6.9,0.0766,0.0828,Full-time,Debt Consolidation,0
150332.54,20622.97,651,0.113,0,63.4,6.0,0.0383,0.0718,Full-time,Debt Consolidation,0
43605.05,6948.83,636,0.1251,0,100.0,3.8,0.0589,0.05,Full-time,Education,0
44950.65,9537.65,673,0.4261,0,77.9,6.0,0.1192,0.0768,Part-time,Debt Consolidation,0
71719.23,3872.46,683,0.2753,0,72.8,10.0,0.0406,0.05,Full-time,Debt Consolidation,0
68170.11,21728.72,580,0.4449,1,53.8,4.4,0.1411,0.0923,Full-time,Debt Consolidation,1
32671.2,16648.15,761,0.2806,0,86.7,1.2,0.1841,0.1468,Part-time,Home Improvement,0
49273.9,15051.94,806,0.7164,0,100.0,5.0,0.178,0.0809,Self-employed,Debt Consolidation,0
192951.75,29180.9,588,0.131,0,65.6,3.2,0.0412,0.05,Full-time,Debt Consolidation,0
100944.55,14868.26,602,0.163,0,72.5,4.2,0.047,0.091,Full-time,Debt Consolidation,0
51568.93,6906.96,697,0.108,0,63.3,4.8,0.0472,0.0508,Full-time,Debt Consolidation,0
71677.13,10066.02,620,0.6016,0,66.4,6.2,0.0941,0.05,Full-time,Debt Consolidation,0
71520.5,6974.81,565,0.1935,0,79.2,3.4,0.0429,0.05,Full-time,Debt Consolidation,0
65127.8,9691.53,723,0.1725,1,71.6,7.8,0.0732,0.0847,Full-time,Debt Consolidation,0
31465.06,6858.93,687,0.216,0,78.3,3.2,0.1017,0.091,Self-employed,Education,0
27904.51,21493.15,511,0.1852,0,52.4,2.4,0.2327,0.2321,Part-time,Education,1
60805.96,27111.89,675,0.3108,1,89.9,10.9,0.1636,0.2382,Full-time,Debt Consolidation,0
21651.79,17321.44,687,0.4215,0,84.0,9.9,0.3322,0.2001,Self-employed,Home Improvement,0
83998.34,24132.26,660,0.5058,0,76.2,4.8,0.1123,0.0815,Self-employed,Debt Consolidation,0
54032.75,12711.13,713,0.3069,0,75.7,9.9,0.0974,0.1096,,Business,0
68497.24,6637.16,710,0.3004,2,87.6,13.6,0.0899,0.0528,Full-time,Debt Consolidation,0
105438.36,10043.34,734,0.3175,0,89.3,10.0,0.0445,0.0613,Part-time,Debt Consolidation,0
44122.24,35297.79,520,0.4889,0,48.3,3.6,0.2718,0.3384,Full-time,Business,1
70826.22,32774.09,746,0.245,3,74.9,5.2,0.1868,0.2326,Full-time,Debt Consolidation,0
46810.19,27726.88,645,0.3066,0,76.1,17.9,0.1893,0.2098,Full-time,Major Purchase,0
54970.13,19426.01,732,0.4465,0,100.0,4.9,0.1433,0.0924,Full-time,Debt Consolidation,0
51009.67,8146.35,699,0.2985,1,72.6,8.4,0.104,0.0656,Full-time,Debt Consolidation,0
51739.8,30479.41,603,0.259,1,64.2,11.4,0.2006,0.156,Full-time,Education,0
71124.76,4461.88,658,0.0897,0,91.3,6.1,0.0241,0.05,Full-time,Major Purchase,0
73406.42,56915.41,526,0.3944,1,54.1,5.9,0.2411,0.2077,Full-time,Home Improvement,1
61496.58,9766.64,671,0.3793,1,67.9,7.1,0.102,0.0855,Part-time,Home Improvement,0
111823.18,13754.66,699,0.1779,1,94.5,6.3,0.0517,0.0533,Full-time,Business,0
49137.32,6755.69,592,0.2238,0,89.4,14.9,0.0658,0.0769,Self-employed,Education,0
102314.09,2576.54,519,0.0989,1,32.1,10.1,0.0247,0.05,Full-time,Debt Consolidation,0
60158.23,7665.73,669,0.5227,0,60.6,6.8,0.0931,0.05,Full-time,Home Improvement,0
54005.94,7921.05,545,0.1323,0,84.5,10.0,0.0528,0.0724,Full-time,Debt Consolidation,0
39699.2,31759.36,598,0.852,0,61.7,7.4,0.3465,0.2291,,Debt Consolidation,1
33492.04,17227.43,692,0.1019,0,70.7,2.2,0.1454,0.2189,Full-time,Home Improvement,0
107834.68,3158.61,730,0.1832,2,74.4,6.6,0.0415,0.05,Full-time,Debt Consolidation,0
69137.1,55309.68,592,0.3045,0,57.7,7.7,0.2237,0.3405,Self-employed,Debt Consolidation,1
97039.29,16377.94,676,0.0652,0,97.9,6.5,0.0453,0.0987,Part-time,Home Improvement,0
40594.99,3536.24,701,0.2064,0,61.3,5.4,0.0575,0.05,Full-time,Education,0
55040.89,44032.71,614,0.2001,1,69.7,1.5,0.24,0.4208,Full-time,Business,1
22500.62,18000.5,758,0.5484,0,100.0,15.0,0.3675,0.3429,Full-time,Education,0
67647.49,20805.38,628,0.5463,0,75.9,4.3,0.132,0.0752,Unemployed,Home Improvement,1
41056.11,32844.89,621,0.2211,0,59.1,7.9,0.2308,0.2257,Part-time,Education,0
62852.91,50282.33,530,0.2062,0,74.4,4.7,0.2156,0.2065,Full-time,Debt Consolidation,0
25790.5,4786.98,573,0.3217,0,78.7,6.5,0.1344,0.0591,Full-time,Business,1
114531.68,12841.16,609,0.3621,0,53.0,7.8,0.0497,0.05,Self-employed,Debt Consolidation,0
51355.78,3062.23,770,0.0477,0,78.5,3.1,0.021,0.05,Full-time,Major Purchase,0
49171.22,30247.42,620,0.0902,1,80.3,3.2,0.1852,0.176,Self-employed,Debt Consolidation,0
52708.54,28814.13,690,0.2149,0,76.8,7.7,0.1606,0.2011,Full-time,Major Purchase,0
89733.96,71787.17,709,0.3109,1,70.4,3.5,0.2303,0.316,Full-time,Business,0
31017.1,13651.14,621,0.0764,0,54.8,10.7,0.1234,0.1279,Part-time,Debt Consolidation,0
78073.57,22519.75,795,0.2023,1,100.0,2.4,0.1033,0.0908,Self-employed,Education,0
18971.19,6589.04,652,0.1895,0,75.7,3.1,0.1553,0.1311,Full-time,Debt Consolidation,0
158510.27,31694.68,454,0.1242,0,46.2,11.0,0.0536,0.0726,Self-employed,Debt Consolidation,0
46385.25,21577.75,672,0.1822,0,49.3,6.2,0.1399,0.2036,Full-time,Major Purchase,0
83462.61,18701.64,824,0.3461,0,100.0,5.8,0.0836,0.0731,Part-time,Debt Consolidation,0
34362.19,11183.77,547,0.1795,0,47.0,4.0,0.1157,0.0813,Full-time,Debt Consolidation,0
32155.34,25724.27,670,0.1575,1,69.2,8.0,0.2646,0.2318,Part-time,Major Purchase,0
83355.29,23267.9,666,0.3547,1,51.4,7.9,0.112,0.0851,Full-time,Debt Consolidation,0
73424.81,17327.86,679,0.1621,0,71.5,9.2,0.0725,0.1102,Full-time,Home Improvement,0
31874.22,25499.38,727,0.1745,0,69.7,6.0,0.2314,0.2034,Unemployed,Debt Consolidation,0
90286.15,2649.23,609,0.2462,1,78.4,11.6,0.04,0.05,Full-time,Home Improvement,0
53825.96,2782.96,600,0.4015,0,76.5,5.0,0.0661,0.05,Full-time,Debt Consolidation,0
54958.34,14953.93,766,0.328,0,88.3,11.5,0.1083,0.1119,Full-time,Home Improvement,0
92682.57,36165.79,627,0.4035,0,,,0.125,0.1081,Full-time,Debt Consolidation,0
21286.47,17029.17,656,0.3579,1,67.5,10.2,0.3694,0.4077,Full-time,Home Improvement,1
23145.21,16333.15,735,0.7729,0,86.8,13.6,0.4098,0.2913,Full-time,Debt Consolidation,0
102039.73,6186.81,716,0.4474,0,58.7,3.2,0.0461,0.05,Full-time,Debt Consolidation,0
46741.47,27111.64,788,0.2448,0,88.8,14.6,0.1769,0.1479,Self-employed,Debt Consolidation,0
45727.99,12541.68,598,0.1753,0,74.4,5.8,0.0934,0.1308,Full-time,Education,1
118965.21,34655.27,684,0.5508,0,64.1,3.2,0.1032,0.1216,Unemployed,Debt Consolidation,1
53405.45,42724.36,702,0.683,1,,,0.3065,0.1996,Full-time,Debt Consolidation,0
50584.46,40467.57,632,0.3276,0,56.8,4.0,0.2386,0.2635,Full-time,Major Purchase,1
83628.43,2254.88,765,0.2455,0,94.5,3.5,0.0276,0.05,Full-time,Debt Consolidation,0
40647.99,21902.05,661,0.3678,1,78.3,4.0,0.224,0.1482,Full-time,Debt Consolidation,0
81094.25,11701.2,705,0.2393,1,90.5,10.1,0.0707,0.05,Full-time,Home Improvement,0
173017.5,5644.24,597,0.0909,0,39.3,8.3,0.0116,0.05,Full-time,Debt Consolidation,0
27920.83,21532.21,647,0.1262,1,76.2,3.6,0.2606,0.1951,Full-time,Debt Consolidation,0
107407.54,5848.88,705,0.1555,0,85.0,5.4,0.0235,0.05,Full-time,Education,0
27626.84,3786.4,673,0.3769,0,63.0,1.5,0.1311,0.05,Full-time,Major Purchase,0
75769.76,41423.76,629,0.7531,0,87.1,8.7,0.2028,0.2575,Full-time,Debt Consolidation,0
48687.73,13820.41,725,0.3887,0,90.6,3.4,0.1256,0.1203,Full-time,Home Improvement,0
21118.14,15681.23,629,0.1213,0,69.6,3.2,0.2196,0.3859,Full-time,Major Purchase,0
68345.7,51794.99,602,0.239,0,67.9,3.1,0.2071,0.2475,Full-time,Business,0
40743.05,2000.07,540,0.0584,1,45.0,6.6,0.0515,0.05,Full-time,Debt Consolidation,0
66393.3,3390.39,501,0.2251,1,53.2,7.3,0.0547,0.05,Full-time,Home Improvement,0
79044.54,7854.62,650,0.3299,1,70.1,6.7,0.0691,0.05,Full-time,Debt Consolidation,0
36019.85,3157.91,519,0.1016,0,36.2,2.0,0.0414,0.05,Full-time,Debt Consolidation,0
140614.17,71003.32,676,0.2343,0,70.5,3.1,0.1332,0.1477,Full-time,Home Improvement,0
85128.62,22704.74,631,0.2807,1,100.0,11.4,0.1018,0.0722,Self-employed,Education,0
33264.7,26611.76,735,0.1824,1,75.0,15.0,0.2676,0.2015,Full-time,Debt Consolidation,0
62761.55,50209.24,683,0.2236,0,78.6,8.7,0.2177,0.2403,Full-time,Education,0
32593.81,26075.04,646,0.5682,0,45.4,10.5,0.3175,0.2624,Full-time,Debt Consolidation,1
92630.7,31428.51,594,0.1991,0,78.2,8.7,0.0969,0.1093,Full-time,Home Improvement,0
64095.71,5515.17,679,0.4526,0,65.7,5.6,0.0715,0.05,Full-time,Major Purchase,1
49874.85,21294.48,664,0.4406,0,32.7,1.5,0.1661,0.1712,Full-time,Home Improvement,0
96913.59,5461.08,603,0.7056,0,62.5,9.7,0.0659,0.05,Full-time,Education,0
42609.65,6060.59,828,0.6326,0,83.9,7.5,0.141,0.05,Full-time,Debt Consolidation,0
54315.31,25689.97,659,0.1379,1,63.3,1.2,0.1539,0.1662,Part-time,Home Improvement,0
39177.5,23885.98,735,0.1614,0,90.5,0.9,0.176,0.2368,Full-time,Debt Consolidation,0
56053.94,20389.42,579,0.1527,0,52.9,1.5,0.1069,0.1709,Full-time,Major Purchase,0
104957.23,35611.44,752,0.2913,0,100.0,2.9,0.1014,0.1064,Full-time,Home Improvement,0
71548.97,33060.67,762,0.4034,0,57.0,1.6,0.1515,0.2249,Full-time,Debt Consolidation,0
33046.94,26437.56,600,0.4231,0,45.2,8.9,0.2842,0.1924,Full-time,Education,1
34168.33,11045.95,646,0.4898,0,59.7,12.8,0.1808,0.108,Full-time,Home Improvement,0
66399.48,9097.36,597,0.3446,1,48.1,4.3,0.0883,0.0617,Full-time,Debt Consolidation,0
45529.84,36423.87,697,0.1821,0,72.3,7.5,0.2208,0.2225,Full-time,Business,0
23074.89,18459.91,566,0.3252,0,,,0.2935,0.3451,Full-time,Debt Consolidation,1
27600.2,7538.93,760,0.2871,0,100.0,12.1,0.1404,0.0699,Full-time,Education,0
39068.32,31254.66,680,0.0616,0,65.2,9.3,0.2034,0.2943,Full-time,Business,0
58538.44,8063.99,525,0.1758,2,33.9,4.4,0.0957,0.0739,Full-time,Debt Consolidation,1
57928.86,10841.08,702,0.3938,2,82.6,22.2,0.1353,0.0833,Full-time,Debt Consolidation,0
37553.66,24607.78,586,0.064,1,46.0,10.5,0.2015,0.2653,Full-time,Home Improvement,0
33415.55,26732.44,761,0.1966,1,71.9,10.8,0.2703,0.1891,Full-time,Debt Consolidation,0
38248.8,13649.22,713,0.3323,1,100.0,9.6,0.1796,0.1025,Full-time,Debt Consolidation,1
45893.57,12590.74,653,0.1502,0,93.9,5.5,0.0894,0.068,Full-time,Home Improvement,0
58417.88,27108.43,635,0.232,0,71.8,7.1,0.14,0.1207,Self-employed,Major Purchase,0
30073.53,9902.68,746,0.0912,0,95.9,3.0,0.1009,0.102,Full-time,Home Improvement,0
21210.54,15898.41,579,0.1941,0,70.8,8.2,0.2458,0.2453,Part-time,Debt Consolidation,0
19198.16,11911.54,628,0.175,2,41.3,7.4,0.3396,0.1496,Full-time,Home Improvement,1
46622.65,7167.67,739,0.2061,0,100.0,16.4,0.0687,0.0734,Full-time,Education,0
183928.15,3115.51,546,0.3931,0,72.7,8.7,0.0195,0.05,Full-time,Education,0
111590.52,5513.86,667,0.135,0,62.2,8.8,0.0206,0.05,Full-time,Home Improvement,0
63383.64,27437.27,454,0.5965,1,49.4,6.0,0.1906,0.1141,Full-time,Education,1
98478.16,40151.55,658,0.1581,0,88.5,1.7,0.1094,0.1026,Full-time,Education,0
118181.86,2345.17,705,0.1391,0,77.1,4.7,0.0132,0.05,Full-time,Education,0
31320.08,25056.07,634,0.4952,0,47.4,7.5,0.3058,0.2515,Full-time,Business,1
48240.03,14181.14,598,0.2784,0,52.3,2.7,0.1121,0.1256,Unemployed,Debt Consolidation,1
41399.23,16684.2,637,0.2378,0,45.5,2.1,0.1381,0.1829,Full-time,Debt Consolidation,0
66870.87,2237.79,665,0.3402,0,88.4,2.0,0.0447,0.05,Full-time,Debt Consolidation,0
79095.76,3031.39,517,0.4838,0,21.3,5.7,0.0532,0.05,Full-time,Home Improvement,1
42839.39,2843.58,613,0.2784,2,53.5,8.0,0.1187,0.05,Self-employed,Debt Consolidation,1
71069.75,35613.2,714,0.1316,0,80.4,7.4,0.1336,0.2658,Full-time,Home Improvement,0
66736.72,5035.94,746,0.3688,0,78.9,9.1,0.0579,0.05,Full-time,Home Improvement,0
36725.83,10309.46,556,0.1814,0,58.6,5.3,0.1029,0.0723,Part-time,Home Improvement,0
52959.99,25857.8,540,0.3517,0,33.3,7.2,0.165,0.2487,Self-employed,Debt Consolidation,1
84617.02,10729.07,694,0.7154,0,83.6,6.1,0.0913,0.05,Full-time,Debt Consolidation,0
57088.25,13949.0,720,0.064,0,73.5,9.3,0.0667,0.0716,Part-time,Debt Consolidation,0
67890.51,9952.24,774,0.2772,0,68.6,3.6,0.0646,0.0845,Self-employed,Home Improvement,0
25182.42,20145.93,752,0.1769,0,84.9,5.1,0.2426,0.3731,Full-time,Debt Consolidation,0
36399.81,3076.91,707,0.0374,0,,,0.0277,0.05,Full-time,Debt Consolidation,0
38784.04,16492.93,595,0.2337,0,65.1,1.3,0.1455,0.1291,Full-time,Debt Consolidation,0
96435.89,25246.46,663,0.1228,1,59.1,6.1,0.0844,0.0934,Full-time,Debt Consolidation,0
39906.19,8345.32,756,0.2187,0,59.2,2.7,0.0897,0.0767,Unemployed,Debt Consolidation,0
64390.7,9320.15,604,0.0876,0,57.1,5.0,0.0445,0.05,Full-time,Education,0
45053.44,3386.58,366,0.1801,1,46.7,7.9,0.0735,0.05,Full-time,Business,1
58672.45,16142.52,571,0.243,0,,,0.0958,0.1645,Full-time,Education,0
114612.12,13314.88,575,0.2301,0,63.0,8.8,0.0423,0.05,Full-time,Debt Consolidation,0
37729.61,30183.69,640,0.6679,1,36.3,17.2,0.3513,0.2165,Full-time,Home Improvement,1
49734.66,20184.86,702,0.4937,1,97.0,4.0,0.193,0.2013,Full-time,Home Improvement,0
102188.45,51141.19,619,0.4444,1,71.4,18.4,0.1632,0.2355,Full-time,Debt Consolidation,0
30733.37,24586.7,642,0.4567,1,75.7,1.4,0.338,0.216,Full-time,Debt Consolidation,1
38465.69,7541.34,662,0.1265,2,87.1,2.9,0.1331,0.0705,Self-employed,Debt Consolidation,0
36714.72,29371.78,645,0.591,0,70.4,8.4,0.3079,0.2168,Full-time,Education,0
63790.01,45377.59,668,0.1316,1,66.5,2.4,0.2044,0.2876,Self-employed,Major Purchase,0
87674.82,53195.85,755,0.4684,0,100.0,4.4,0.1841,0.157,Full-time,Business,0
31837.16,25469.73,668,0.5677,1,75.0,10.4,0.3581,0.2613,Full-time,Debt Consolidation,0
50882.02,20959.42,602,0.3668,2,82.1,4.8,0.1979,0.1096,Part-time,Debt Consolidation,0
101842.56,64981.05,622,0.0583,0,58.4,4.0,0.1573,0.3355,Full-time,Education,0
83052.78,43223.68,790,0.5025,0,96.4,3.4,0.1685,0.1687,Self-employed,Education,0
22423.79,3681.21,554,0.3505,0,21.8,11.6,0.1519,0.0884,Full-time,Debt Consolidation,1
33334.7,10992.99,729,0.1145,0,68.4,3.7,0.1039,0.1031,Part-time,Debt Consolidation,0
68000.14,16568.74,571,0.056,0,43.8,1.8,0.0644,0.093,Full-time,Debt Consolidation,0
58849.62,12562.58,523,0.3724,1,60.4,8.1,0.1172,0.0544,Full-time,Debt Consolidation,0
22916.59,18333.27,730,0.4461,0,72.0,2.8,0.3321,0.2726,Full-time,Debt Consolidation,0
63067.17,37594.37,633,0.3466,1,91.3,4.5,0.2017,0.2444,Full-time,Business,0
96590.88,8119.13,721,0.2939,1,81.5,4.7,0.0545,0.05,Self-employed,Education,0
21833.58,7668.81,716,0.0276,0,91.3,6.1,0.0934,0.1753,Full-time,Education,0
149727.37,3741.5,600,0.2725,0,49.7,10.5,0.0191,0.05,Full-time,Major Purchase,0
33476.15,4685.88,669,0.1622,0,78.9,5.0,0.0685,0.05,Full-time,Debt Consolidation,0
20725.6,16580.48,814,0.5046,0,88.3,0.9,0.3673,0.1867,Part-time,Debt Consolidation,0
77579.55,6960.75,708,0.3051,0,85.1,15.5,0.0498,0.05,Full-time,Debt Consolidation,1
44423.87,35539.09,695,0.435,0,52.2,3.8,0.2625,0.1991,Part-time,Debt Consolidation,0
90668.55,14507.57,562,0.1131,0,57.1,22.4,0.0474,0.051,Full-time,Debt Consolidation,0
94134.94,27199.48,711,0.0818,0,54.8,6.8,0.0756,0.111,Part-time,Debt Consolidation,0
19271.28,4906.4,441,0.6186,1,58.1,2.9,0.3545,0.0755,Part-time,Education,1
44045.61,10178.9,570,0.2992,0,24.1,10.3,0.1044,0.1308,Self-employed,Business,1
46039.62,8081.21,680,0.5275,0,54.5,4.7,0.1246,0.062,Self-employed,Debt Consolidation,0
28194.04,6422.24,575,0.1697,0,39.0,10.7,0.098,0.0602,Full-time,Home Improvement,0
38038.64,11621.55,472,0.1822,0,38.0,3.8,0.1078,0.0959,Self-employed,Debt Consolidation,1
89967.21,10441.18,586,0.1606,1,71.3,3.6,0.054,0.05,Full-time,Home Improvement,0
113456.24,5367.02,696,0.3409,0,79.8,3.8,0.033,0.05,Full-time,Debt Consolidation,0
85904.08,2445.57,693,0.1025,0,88.1,4.3,0.0154,0.05,Self-employed,Debt Consolidation,0
14555.77,11644.62,484,0.1979,1,49.1,5.2,0.3723,0.2811,Full-time,Home Improvement,1
32657.14,26125.71,602,0.2131,0,34.7,6.1,0.239,0.2111,Full-time,Business,1
43579.37,5045.16,521,0.3698,0,37.3,3.8,0.0889,0.0578,Full-time,Debt Consolidation,1
80460.34,29568.77,645,0.27,0,76.3,3.8,0.1124,0.1179,Full-time,Home Improvement,0
139305.83,36050.14,623,0.2297,0,93.5,8.9,0.074,0.0648,Full-time,Education,0
272672.89,7937.29,628,0.353,1,92.4,6.4,0.0207,0.05,Full-time,Major Purchase,0
38245.6,17304.17,653,0.2665,0,81.3,7.2,0.1588,0.1477,Full-time,Business,0
41620.19,33296.15,632,0.192,1,72.6,5.9,0.2541,0.2647,Full-time,Home Improvement,0
58928.26,10480.65,667,0.2911,1,70.6,1.9,0.0986,0.0659,Full-time,Debt Consolidation,0
36168.53,6183.57,475,0.7134,2,34.7,3.6,0.2494,0.061,Full-time,Debt Consolidation,1
119854.31,5589.24,588,0.2713,0,40.0,3.3,0.0275,0.05,Full-time,Debt Consolidation,0
56640.37,9301.07,593,0.3203,0,41.2,10.0,0.0801,0.0635,Full-time,Debt Consolidation,0
121823.56,4097.88,736,0.1505,0,44.3,7.0,0.017,0.05,Full-time,Home Improvement,0
93947.57,20553.22,715,0.172,0,100.0,6.2,0.0657,0.1068,Full-time,Debt Consolidation,0
60589.84,3784.27,578,0.2157,0,63.6,3.5,0.0406,0.05,,Home Improvement,0
52162.35,10512.06,576,0.0487,1,62.6,6.9,0.0781,0.0666,Full-time,Debt Consolidation,0
90789.61,6184.88,651,0.1036,2,80.4,3.7,0.051,0.05,Self-employed,Home Improvement,0
47722.75,38178.2,583,0.1867,1,48.6,4.6,0.2453,0.2464,Full-time,Debt Consolidation,1
161552.63,33369.71,601,0.6149,1,57.1,0.8,0.0844,0.0548,Full-time,Home Improvement,1
37235.24,26256.29,610,0.4071,0,53.9,2.5,0.248,0.2235,Full-time,Home Improvement,0
27599.39,6454.81,542,0.0682,0,47.6,0.9,0.0739,0.1349,Full-time,Education,0
61288.74,5939.84,850,0.5737,0,100.0,1.4,0.0907,0.05,Full-time,Home Improvement,0
144012.96,7363.35,623,0.2756,0,50.2,3.5,0.0261,0.05,Full-time,Debt Consolidation,0
33267.94,5265.25,701,0.4561,0,64.6,10.3,0.1367,0.05,Full-time,Home Improvement,0
296525.71,12605.87,591,0.2326,0,87.7,3.4,0.0159,0.05,Part-time,Education,0
38190.42,30552.34,689,0.3436,1,71.2,7.9,0.2882,0.3344,Full-time,Debt Consolidation,0
39269.25,31111.58,624,0.3847,0,75.1,2.1,0.2607,0.2892,Full-time,Debt Consolidation,0
58020.39,46416.31,572,0.258,2,53.7,6.7,0.2654,0.1841,Part-time,Major Purchase,1
79855.87,8171.18,710,0.3097,1,76.0,5.4,0.0675,0.05,Full-time,Major Purchase,0
32172.75,4951.14,620,0.646,1,100.0,3.3,0.2188,0.05,Full-time,Debt Consolidation,0
70879.66,9295.01,620,0.0915,1,57.9,2.8,0.0577,0.0544,Part-time,Debt Consolidation,0
53313.56,14435.43,723,0.5155,0,74.6,7.5,0.1346,0.1064,Part-time,Debt Consolidation,0
39912.77,4839.55,702,0.1668,0,74.0,5.5,0.0592,0.05,Full-time,Education,0
94103.78,31434.68,649,0.0214,0,70.1,2.1,0.0818,0.0839,Full-time,Major Purchase,0
53650.64,7602.02,597,0.1702,0,41.2,4.3,0.0569,0.0525,Full-time,Debt Consolidation,0
33235.41,2498.47,634,0.0372,0,87.8,13.3,0.0261,0.05,Full-time,Home Improvement,0
35190.09,2045.37,705,0.4177,3,74.4,5.5,0.2017,0.05,Part-time,Education,0
66048.44,6706.8,650,0.3915,0,86.0,6.1,0.0671,0.0571,Self-employed,Home Improvement,0
28210.23,22426.86,642,0.2069,0,61.3,2.6,0.2436,0.2415,Full-time,Debt Consolidation,0
127011.5,12182.58,543,0.5624,0,48.2,3.1,0.0549,0.05,Full-time,Major Purchase,0
15063.03,12050.42,495,0.2928,0,42.4,11.1,0.332,0.2335,Full-time,Education,1
42353.45,2007.94,670,0.2966,0,92.0,2.8,0.0618,0.05,Full-time,Business,0
72622.53,35076.44,645,0.4935,0,93.3,10.7,0.1648,0.2702,Part-time,Education,0
43520.99,11910.42,658,0.0585,0,55.7,5.4,0.0754,0.0981,Full-time,Home Improvement,0
39976.7,19517.69,653,0.2482,1,47.5,5.3,0.1919,0.2272,Part-time,Home Improvement,0
63628.65,7711.57,707,0.0704,0,93.2,7.7,0.0371,0.052,Full-time,Education,0
36359.76,29087.81,672,0.0949,0,57.9,2.1,0.2108,0.1932,Full-time,Debt Consolidation,0
33180.04,26544.04,650,0.0141,0,80.9,3.0,0.1951,0.3837,Part-time,Debt Consolidation,0
30498.51,24398.81,589,0.2168,0,60.5,9.2,0.2432,0.2538,Full-time,Business,0
55066.84,11669.3,549,0.1333,1,,,0.0901,0.0812,Full-time,Major Purchase,0
85966.53,57842.15,818,0.168,0,96.9,11.1,0.1756,0.3394,Full-time,Education,0
25552.6,20442.08,762,0.2012,0,84.4,7.1,0.2487,0.2922,Full-time,Business,0
56800.1,24685.94,574,0.0492,0,49.4,4.1,0.1105,0.1315,Full-time,Debt Consolidation,0
40203.99,19630.62,609,0.5184,0,54.1,7.8,0.21,0.2072,Full-time,Debt Consolidation,0
65560.26,2603.24,673,0.1404,0,98.6,7.3,0.0249,0.05,Full-time,Debt Consolidation,0
101149.28,3682.04,716,0.283,1,61.9,3.9,0.0407,0.05,Full-time,Debt Consolidation,0
93433.94,19751.41,667,0.2639,0,73.4,3.6,0.0711,0.0974,Part-time,Debt Consolidation,0
55527.52,15292.05,636,0.357,0,77.9,9.1,0.1124,0.0859,Full-time,Debt Consolidation,0
80922.44,7721.61,543,0.445,1,40.1,3.3,0.0773,0.05,Full-time,Debt Consolidation,1
45266.75,4383.39,613,0.3555,0,81.1,2.9,0.0798,0.05,Full-time,Debt Consolidation,0
47385.07,14439.98,536,0.0121,0,42.1,2.0,0.075,0.1068,Full-time,Major Purchase,0
71739.57,44175.19,610,0.2714,1,48.7,5.7,0.1917,0.2044,Full-time,Debt Consolidation,1
54661.53,43729.23,636,0.7122,0,81.5,5.1,0.2858,0.2931,Full-time,Debt Consolidation,0
170266.46,24312.9,706,0.1946,0,57.4,8.3,0.0425,0.0837,Part-time,Debt Consolidation,0
26094.89,20875.91,667,0.263,0,68.6,2.1,0.2646,0.3286,Full-time,Debt Consolidation,0
23248.88,18599.11,486,0.2124,0,38.1,4.6,0.2578,0.2255,Full-time,Debt Consolidation,1
17763.72,2242.89,701,0.1186,1,76.6,5.9,0.1459,0.0621,Full-time,Home Improvement,0
85415.86,20263.54,603,0.5775,0,63.9,8.2,0.1056,0.1047,Full-time,Debt Consolidation,0
73804.17,24518.48,798,0.2349,3,52.0,5.4,0.1514,0.1093,Self-employed,Major Purchase,0
94407.33,2634.62,689,0.1429,0,89.3,2.2,0.0176,0.05,Full-time,Major Purchase,0
28300.8,22640.64,556,0.1262,0,31.5,2.5,0.2241,0.2048,Full-time,Debt Consolidation,1
45172.15,19353.99,691,0.108,0,90.1,2.9,0.12,0.1125,Self-employed,Debt Consolidation,0
20207.1,16165.68,500,0.256,0,71.2,4.4,0.2832,0.2901,Full-time,Debt Consolidation,1
47461.4,11601.82,632,0.2649,1,77.5,6.0,0.1241,0.0603,Full-time,Home Improvement,0
32156.3,20920.49,690,0.0452,1,70.4,1.1,0.2036,0.1947,Full-time,Home Improvement,0
49945.09,39956.07,549,0.2354,0,37.5,2.6,0.2259,0.2013,Self-employed,Major Purchase,1
27733.87,9847.84,708,0.4849,0,97.3,9.5,0.2111,0.1035,Full-time,Debt Consolidation,0
54279.44,17654.21,636,0.2056,0,76.3,1.3,0.1053,0.1482,Full-time,Debt Consolidation,0
66732.9,18487.54,594,0.2951,0,95.6,2.8,0.0983,0.1517,Full-time,Debt Consolidation,0
28277.01,22621.61,609,0.2728,0,49.1,7.7,0.2615,0.2062,Full-time,Business,1
39420.97,25336.3,532,0.5197,0,36.1,6.8,0.2492,0.1572,Full-time,Home Improvement,1
35692.56,28554.05,649,0.2429,1,54.5,4.1,0.2746,0.2495,Full-time,Debt Consolidation,1
52332.29,41865.83,692,0.2595,1,73.1,9.2,0.2506,0.3393,Full-time,Debt Consolidation,0
54535.35,2094.39,671,0.2779,0,60.9,1.1,0.0459,0.05,Full-time,Business,0
97044.98,12140.97,660,0.2447,0,66.5,4.3,0.0482,0.0503,Part-time,Debt Consolidation,0
73259.59,20573.91,740,0.3896,0,93.4,9.5,0.1057,0.1041,Full-time,Debt Consolidation,0
51732.3,5606.0,676,0.4506,0,100.0,7.2,0.0887,0.05,Full-time,Home Improvement,0
115010.84,21951.77,521,0.3409,1,51.0,4.4,0.0776,0.0801,Full-time,Business,1
74912.8,5190.53,668,0.4083,0,66.1,6.5,0.0559,0.05,Full-time,Home Improvement,0
75980.68,41212.82,635,0.5634,0,70.6,3.3,0.1836,0.1434,Part-time,Business,0
40768.8,10409.34,610,0.0862,0,,,0.0765,0.0869,Self-employed,Major Purchase,0
22989.97,18391.97,499,0.3615,0,58.0,2.2,0.3052,0.2563,Full-time,Business,1
33128.49,26502.8,626,0.0664,0,54.2,9.7,0.2064,0.2582,Full-time,Home Improvement,0
25141.87,20113.5,697,0.2734,0,79.0,3.2,0.2703,0.3719,Self-employed,Debt Consolidation,0
51811.0,15757.85,671,0.1527,0,100.0,7.1,0.0942,0.1581,Full-time,Home Improvement,0
46454.53,6315.82,557,0.1784,2,78.7,4.0,0.1119,0.0806,Full-time,Home Improvement,0
27342.83,21874.26,640,0.3247,0,60.3,11.1,0.2775,0.3017,Full-time,Home Improvement,0
25164.04,13306.9,670,0.5596,0,76.0,2.9,0.287,0.1419,Full-time,Debt Consolidation,0
26164.62,11488.51,681,0.1224,1,75.1,1.7,0.1849,0.1142,Full-time,Home Improvement,0
99330.54,10900.91,621,0.1956,1,63.7,6.3,0.0526,0.05,Full-time,Debt Consolidation,0
111265.43,14542.51,763,0.434,2,90.2,0.9,0.081,0.05,Full-time,Debt Consolidation,0
57317.07,31980.84,644,0.2447,0,80.4,4.2,0.1646,0.2733,Full-time,Home Improvement,0
58357.61,8478.62,711,0.5457,0,88.7,7.5,0.1022,0.0646,Full-time,Debt Consolidation,0
17837.61,14270.09,734,0.3388,3,55.7,13.8,0.5306,0.2027,Full-time,Home Improvement,1
16984.68,13587.74,545,0.2121,0,69.2,0.9,0.2819,0.2064,Full-time,Debt Consolidation,1
60734.33,13424.39,638,0.194,0,86.2,5.4,0.076,0.0824,Full-time,Business,0
29260.9,23408.72,777,0.4908,0,88.9,3.2,0.3128,0.2844,Unemployed,Home Improvement,0
49164.32,25204.48,640,0.4206,0,83.5,12.1,0.1846,0.1972,Full-time,Debt Consolidation,0
92475.83,33302.02,640,0.1794,1,59.2,5.6,0.1134,0.0996,Full-time,Debt Consolidation,0
40826.19,32660.95,742,0.67,1,85.0,3.2,0.3395,0.259,Full-time,Debt Consolidation,0
51755.81,20102.82,650,0.448,1,62.9,5.8,0.1787,0.1459,Full-time,Major Purchase,0
100330.17,13102.95,602,0.2709,0,61.8,1.5,0.0508,0.0537,Part-time,Debt Consolidation,0
100673.99,23516.14,721,0.6418,0,88.8,5.7,0.102,0.1022,Full-time,Education,1
74450.92,7464.31,643,0.6781,0,52.4,3.1,0.0896,0.05,Full-time,Debt Consolidation,0
47546.62,30054.82,722,0.0546,0,100.0,5.8,0.16,0.1754,Full-time,Debt Consolidation,0
112329.87,30362.31,603,0.2515,1,69.0,10.9,0.0917,0.119,Full-time,Debt Consolidation,0
26310.84,10811.15,546,0.413,0,57.3,3.4,0.2116,0.1192,Full-time,Home Improvement,1
46357.47,4612.7,532,0.294,2,22.0,4.2,0.1213,0.05,Full-time,Debt Consolidation,1
45792.37,36633.89,728,0.1274,2,78.6,4.7,0.2644,0.212,Full-time,Debt Consolidation,0
35291.88,9193.33,542,0.7304,1,57.6,4.6,0.2455,0.0729,Full-time,Debt Consolidation,1
72256.53,8884.67,576,0.3781,0,49.2,7.2,0.0672,0.05,Full-time,Debt Consolidation,0
64773.66,13023.23,469,0.1698,0,24.2,4.4,0.0671,0.0587,Full-time,Debt Consolidation,1
129588.53,39667.97,596,0.0687,0,57.9,3.5,0.0773,0.0758,Full-time,Debt Consolidation,0
21851.63,2308.07,756,0.2721,1,85.9,3.1,0.1699,0.0505,Self-employed,Education,0
15808.19,6616.73,719,0.0927,0,71.0,4.7,0.1427,0.1844,Unemployed,Debt Consolidation,0
68769.51,19737.69,710,0.1407,0,69.4,2.6,0.0836,0.1229,Full-time,Debt Consolidation,0
41450.4,18277.89,607,0.4167,1,61.6,6.0,0.2072,0.2438,Full-time,Debt Consolidation,1
41801.7,16933.18,540,0.2774,0,53.3,8.7,0.145,0.2191,Self-employed,Debt Consolidation,1
32815.11,11739.5,712,0.2612,0,70.5,2.3,0.1432,0.0915,Part-time,Debt Consolidation,0
29065.56,17102.41,697,0.3068,1,85.6,7.4,0.2585,0.1547,Full-time,Home Improvement,0
54507.02,2226.17,757,0.1581,0,73.2,8.9,0.0307,0.05,Full-time,Major Purchase,0
57059.2,4587.45,644,0.1619,0,58.1,4.8,0.0397,0.05,Full-time,Home Improvement,0
41790.99,2745.05,623,0.1313,0,48.5,2.3,0.0384,0.05,Full-time,Home Improvement,0
69101.93,7602.39,674,0.6258,0,61.3,2.9,0.0916,0.05,Full-time,Debt Consolidation,0
40644.75,8821.44,688,0.1934,2,84.0,3.8,0.1454,0.0528,Full-time,Major Purchase,0
68641.34,14208.55,673,0.2301,0,91.9,3.5,0.0738,0.055,Full-time,Education,0
32562.71,9412.03,720,0.1514,1,91.1,17.4,0.1397,0.1493,Full-time,Debt Consolidation,0
28504.85,5867.89,556,0.2175,0,84.7,6.5,0.1043,0.0677,Full-time,Debt Consolidation,0
46126.77,2898.18,695,0.0566,1,78.6,0.5,0.0499,0.05,Full-time,Debt Consolidation,0
56882.02,8806.24,619,0.8498,0,72.4,4.3,0.1447,0.0539,Full-time,Debt Consolidation,0
31272.63,5347.8,805,0.4725,1,82.3,3.8,0.1882,0.0624,Full-time,Debt Consolidation,0
123262.02,13653.42,684,0.2951,0,73.6,1.6,0.0438,0.05,,Home Improvement,0
78878.02,10959.39,771,0.1407,0,100.0,5.1,0.0462,0.0724,Full-time,Home Improvement,0
106219.48,9813.31,611,0.1104,0,90.5,1.9,0.0297,0.05,Full-time,Debt Consolidation,0
77432.53,42300.56,722,0.4776,0,73.2,15.6,0.1755,0.1649,Full-time,Debt Consolidation,0
56742.14,45393.72,660,0.2333,0,39.1,4.9,0.2216,0.3448,Full-time,Education,0
25963.8,3992.79,550,0.0984,1,49.2,9.1,0.1104,0.0533,Full-time,Home Improvement,0
99407.99,2634.46,709,0.25,0,77.3,4.2,0.0245,0.05,Full-time,Debt Consolidation,0
52713.71,19061.23,609,0.3874,0,88.3,4.3,0.1397,0.1303,Full-time,Home Improvement,0
71221.76,39444.07,694,0.1098,0,58.5,2.9,0.144,0.2015,Full-time,Home Improvement,0
72546.26,4807.85,674,0.503,0,74.0,5.0,0.0658,0.05,Full-time,Education,0
42007.05,4317.72,704,0.3198,1,90.9,4.0,0.108,0.0628,Full-time,Major Purchase,0
55293.21,3518.36,671,0.0395,3,85.4,4.1,0.0855,0.05,Unemployed,Home Improvement,0
41009.85,11638.26,577,0.1223,1,81.4,3.1,0.1188,0.0897,Self-employed,Home Improvement,0
33253.42,5836.36,655,0.1179,0,78.5,0.3,0.0677,0.1007,Full-time,Debt Consolidation,0
38691.33,30953.06,776,0.4642,1,68.5,3.5,0.3094,0.3406,Part-time,Home Improvement,0
110944.31,13191.23,678,0.0868,0,74.4,5.0,0.0342,0.05,Full-time,Debt Consolidation,0
90809.66,30213.78,670,0.0234,0,88.4,4.4,0.0817,0.0948,Full-time,Debt Consolidation,0
46598.36,2533.06,684,0.2581,1,71.7,0.4,0.0787,0.05,Full-time,Major Purchase,0
134287.81,20762.55,716,0.3205,1,70.9,2.7,0.0632,0.05,Full-time,Home Improvement,0
37109.47,9632.33,645,0.0564,1,54.1,6.5,0.1056,0.1139,Full-time,Debt Consolidation,0
43631.38,2309.7,770,0.2248,0,100.0,8.8,0.0498,0.05,Full-time,Debt Consolidation,1
47773.66,12655.8,646,0.4049,0,54.9,10.6,0.1246,0.0645,Part-time,Debt Consolidation,0
40255.01,21837.61,748,0.0863,2,77.4,12.5,0.2052,0.1578,Full-time,Debt Consolidation,0
180605.68,26761.67,550,0.2026,1,49.4,4.3,0.0503,0.0666,Self-employed,Business,1
32510.62,26008.49,739,0.2398,0,85.0,8.9,0.2451,0.2074,Full-time,Home Improvement,0
81216.41,23073.07,501,0.5391,0,65.3,3.5,0.116,0.156,Full-time,Major Purchase,1
44812.65,21993.15,657,0.0993,1,80.9,2.0,0.1605,0.1483,Full-time,Debt Consolidation,0
40489.2,10404.45,749,0.4469,1,64.9,13.4,0.1708,0.1112,Full-time,Major Purchase,0
107692.46,10432.56,669,0.2439,0,63.9,7.7,0.0396,0.05,Full-time,Home Improvement,0
47378.19,20432.2,677,0.4473,2,64.9,10.3,0.2221,0.1858,Full-time,Business,0
41623.26,33298.61,682,0.0743,0,70.4,2.9,0.2049,0.237,Full-time,Debt Consolidation,0
36840.09,3541.73,589,0.3511,0,49.1,8.2,0.0917,0.0568,Full-time,Debt Consolidation,0
94288.91,6341.7,677,0.178,0,52.4,3.0,0.0297,0.05,Full-time,Home Improvement,0
39654.46,28446.8,737,0.2365,0,96.4,3.0,0.2151,0.3528,Full-time,Debt Consolidation,0
92706.5,4023.58,648,0.0957,0,57.3,4.8,0.0178,0.05,Full-time,Major Purchase,0
127146.72,7779.82,595,0.1405,0,74.8,6.0,0.0226,0.05,Full-time,Debt Consolidation,0
104142.99,11020.73,669,0.321,0,59.8,17.5,0.0476,0.05,Full-time,Education,1
58680.06,6279.18,606,0.2903,0,51.6,0.9,0.0613,0.05,Self-employed,Education,0
55073.52,7067.46,676,0.0568,1,77.7,4.7,0.06,0.05,Full-time,Debt Consolidation,0
26588.68,11552.49,702,0.2669,0,44.0,6.9,0.1765,0.1082,Full-time,Home Improvement,0
95852.89,8531.7,715,0.2389,1,67.3,8.7,0.0518,0.05,Full-time,Debt Consolidation,0
28013.62,21560.02,775,0.6735,0,48.5,1.8,0.3578,0.2019,Full-time,Debt Consolidation,0
91392.29,63227.45,610,0.3782,0,72.3,1.8,0.1958,0.2026,Full-time,Home Improvement,0
26474.39,21179.51,643,0.2321,0,100.0,3.0,0.2551,0.2223,Full-time,Debt Consolidation,0
110962.79,10026.43,645,0.5468,0,86.2,1.4,0.0572,0.05,Full-time,Home Improvement,0
57008.18,8797.27,529,0.2373,1,51.8,3.0,0.0881,0.05,Full-time,Debt Consolidation,1
63755.7,17196.69,726,0.2,0,51.6,7.0,0.0873,0.1417,Full-time,Major Purchase,0
52934.46,12970.32,635,0.4208,1,78.0,1.7,0.1387,0.129,Full-time,Education,0
44483.96,15519.97,751,0.4012,0,100.0,17.4,0.1487,0.1099,Full-time,Debt Consolidation,0
33383.5,26706.8,598,0.2731,0,52.3,4.3,0.2509,0.2038,Part-time,Debt Consolidation,1
52776.02,42220.81,786,0.2487,0,72.0,1.0,0.2259,0.3098,Full-time,Major Purchase,0
64737.71,16385.2,639,0.3404,0,78.1,7.3,0.0986,0.068,Self-employed,Debt Consolidation,0
75973.21,16828.78,711,0.2567,0,100.0,8.9,0.0775,0.1245,Full-time,Debt Consolidation,0
71899.1,57519.28,462,0.2062,0,36.9,2.9,0.2127,0.215,Full-time,Debt Consolidation,1
144138.98,3840.09,739,0.1741,0,76.2,9.4,0.0151,0.05,Full-time,Debt Consolidation,0
218442.13,20934.39,549,0.6372,0,62.8,5.7,0.044,0.05,Full-time,Debt Consolidation,0
48270.22,14243.43,702,0.1876,0,73.9,2.2,0.0988,0.0844,Full-time,Education,0
131991.92,10824.64,689,0.4666,0,74.6,11.1,0.0451,0.05,Full-time,Major Purchase,0
104207.59,4538.74,651,0.5121,3,57.7,3.4,0.0804,0.05,Full-time,Business,1
64861.71,9062.97,709,0.4669,0,82.6,3.9,0.0854,0.0596,Full-time,Debt Consolidation,0
38906.83,15100.06,663,0.3807,0,81.6,7.8,0.1636,0.1839,Full-time,Debt Consolidation,0
62470.56,2159.39,733,0.2195,0,83.2,2.4,0.0336,0.05,Full-time,Debt Consolidation,0
59488.96,6022.08,749,0.1703,0,100.0,3.2,0.0449,0.05,Full-time,Debt Consolidation,0
82462.2,3326.6,696,0.197,1,94.1,10.0,0.0414,0.05,Full-time,Major Purchase,0
39943.49,16549.33,671,0.0474,1,59.2,5.1,0.138,0.2117,Full-time,Debt Consolidation,0
72972.08,52567.7,576,0.6308,0,50.5,3.7,0.2351,0.2838,Full-time,Debt Consolidation,1
78824.96,8289.73,689,0.5131,0,48.4,5.9,0.0721,0.05,Full-time,Home Improvement,0
64852.06,18101.5,734,0.563,1,81.1,5.5,0.148,0.0681,Full-time,Debt Consolidation,0
61126.2,15873.4,591,0.4117,0,67.4,8.0,0.1108,0.0784,Full-time,Home Improvement,0
40385.47,12709.96,720,0.4411,1,80.7,2.4,0.1839,0.0769,Full-time,Education,0
37519.35,25650.05,826,0.1956,0,93.7,3.5,0.2016,0.1897,Full-time,Home Improvement,0
35466.3,6324.51,719,0.1958,1,79.6,6.3,0.1164,0.05,Full-time,Home Improvement,0
111007.86,22422.26,620,0.2514,1,44.3,5.8,0.0756,0.0629,Full-time,Debt Consolidation,1
123333.01,11454.39,659,0.263,0,86.9,2.4,0.0376,0.05,Full-time,Debt Consolidation,0
47045.08,23173.21,609,0.3934,0,51.3,15.0,0.1784,0.1482,Full-time,Home Improvement,0
60950.39,48760.31,500,0.3907,1,54.3,2.6,0.2578,0.1879,Full-time,Debt Consolidation,1
45961.09,25340.7,681,0.6526,0,100.0,13.9,0.2346,0.1328,Self-employed,Education,0
65265.57,6392.1,745,0.3587,0,79.5,8.4,0.0631,0.05,Full-time,Home Improvement,0
85565.14,4950.29,607,0.3888,1,72.2,8.0,0.0606,0.05,Full-time,Major Purchase,0
158988.77,7019.83,468,0.2487,0,50.9,9.5,0.0219,0.05,Part-time,Debt Consolidation,0
83168.3,4157.67,806,0.1852,0,93.7,3.8,0.028,0.05,,Debt Consolidation,0
54689.83,10913.56,792,0.2054,2,99.0,13.0,0.1188,0.0919,Self-employed,Debt Consolidation,1
73514.61,21155.59,581,0.3654,0,34.9,9.0,0.1049,0.0697,Full-time,Debt Consolidation,1
38807.76,13249.73,637,0.0674,1,61.1,3.6,0.1254,0.1483,Full-time,Education,0
64988.24,4761.09,588,0.0406,2,56.9,1.4,0.059,0.05,Self-employed,Home Improvement,0
80392.64,20274.13,713,0.2651,0,77.7,5.1,0.0843,0.0713,Part-time,Business,0
51121.87,2610.12,633,0.3132,0,83.1,3.0,0.0564,0.05,Full-time,Education,0
88014.58,3479.9,695,0.1147,1,88.1,16.7,0.0325,0.05,Full-time,Debt Consolidation,0
33700.22,26960.17,550,0.3837,1,70.6,13.3,0.3096,0.1986,Full-time,Debt Consolidation,1
33146.68,26517.34,706,0.1153,1,76.2,3.0,0.2532,0.3428,Self-employed,Debt Consolidation,0
70959.29,18889.07,697,0.3869,1,91.5,10.1,0.1201,0.1131,Self-employed,Home Improvement,0
88237.4,70589.92,681,0.3504,0,76.8,8.6,0.2206,0.2092,Full-time,Debt Consolidation,0
48039.43,15377.65,527,0.1527,0,52.0,2.9,0.0997,0.1551,Full-time,Debt Consolidation,1
60123.72,25820.42,844,0.1439,1,99.9,5.9,0.1403,0.2037,Full-time,Major Purchase,0
30489.72,24391.77,603,0.416,1,64.2,5.2,0.3296,0.1972,Full-time,Home Improvement,1
66072.96,13087.27,625,0.2949,0,43.5,6.4,0.0797,0.0608,Full-time,Debt Consolidation,0
83622.26,7140.18,816,0.3287,0,88.8,7.3,0.0488,0.05,Full-time,Business,0
29006.41,23205.12,369,0.3033,0,43.0,12.0,0.2673,0.2752,Part-time,Debt Consolidation,1
57147.01,26079.15,628,0.2888,0,73.3,1.2,0.1459,0.1527,Full-time,Business,0
56221.53,27188.63,605,0.12,0,63.3,3.0,0.1314,0.2093,Full-time,Debt Consolidation,0
37810.91,29847.74,622,0.2142,0,92.1,4.1,0.2302,0.182,Full-time,Major Purchase,0
25601.21,11315.26,633,0.3141,2,71.3,10.2,0.2882,0.1737,Full-time,Business,1
25961.68,7395.35,573,0.1192,1,52.1,7.6,0.1476,0.1609,Full-time,Debt Consolidation,1
57277.69,32982.59,517,0.2598,0,41.8,9.8,0.1709,0.1742,Self-employed,Debt Consolidation,1
82873.18,3214.96,727,0.2458,0,82.7,10.0,0.0307,0.05,Full-time,Debt Consolidation,0
87041.33,19731.0,636,0.5617,0,49.7,1.5,0.1009,0.0827,Full-time,Debt Consolidation,0
49407.77,5294.64,662,0.162,1,60.6,7.3,0.0736,0.05,Full-time,Home Improvement,0
30338.61,23890.46,628,0.0995,0,93.0,8.1,0.2126,0.2663,Full-time,Education,0
36431.99,9817.13,676,0.3115,0,84.4,2.5,0.1262,0.0988,Full-time,Debt Consolidation,0
49786.7,39829.36,585,0.1389,0,58.7,9.4,0.2121,0.1954,Part-time,Debt Consolidation,0
32366.68,25893.34,716,0.6157,1,78.3,1.5,0.366,0.2747,Full-time,Debt Consolidation,0
15618.63,11579.42,646,0.5665,0,54.6,3.3,0.4391,0.3699,Full-time,Debt Consolidation,1
66722.08,27352.31,740,0.3737,0,100.0,3.4,0.1387,0.0993,Full-time,Home Improvement,0
67506.45,12180.79,686,0.2681,0,63.5,4.9,0.0719,0.0688,Self-employed,Debt Consolidation,0
43962.23,9403.42,590,0.3029,0,75.7,7.2,0.1009,0.0535,Full-time,Debt Consolidation,0
55618.62,31012.31,683,0.2744,1,87.1,11.2,0.1909,0.1943,Full-time,Debt Consolidation,0
49249.31,8577.55,736,0.585,0,66.4,3.3,0.1273,0.1071,Unemployed,Debt Consolidation,0
106807.99,56037.27,709,0.2307,2,73.3,3.5,0.1639,0.2239,Full-time,Debt Consolidation,0
63815.99,9286.37,694,0.177,0,56.0,6.9,0.0549,0.05,Self-employed,Debt Consolidation,0
46567.47,15378.32,724,0.1146,0,86.1,16.0,0.097,0.187,Full-time,Home Improvement,0
81874.44,36752.55,625,0.2186,0,50.2,2.9,0.127,0.1147,Self-employed,Debt Consolidation,0
96325.04,12013.95,633,0.5743,2,62.3,6.5,0.0978,0.0596,Full-time,Home Improvement,0
38833.82,16354.02,696,0.5622,0,69.8,10.5,0.2053,0.1177,Full-time,Education,0
53979.0,2377.28,648,0.5902,1,81.8,4.1,0.1115,0.05,Full-time,Debt Consolidation,0
43087.16,12161.51,712,0.3626,0,46.6,6.4,0.1283,0.1001,Full-time,Home Improvement,0
104333.01,2897.75,652,0.6023,0,68.4,5.6,0.0482,0.05,Full-time,Debt Consolidation,0
121996.59,12577.89,660,0.4184,0,67.5,7.5,0.0494,0.05,Full-time,Education,0
108252.8,18569.65,611,0.4085,0,50.9,4.7,0.0683,0.05,Full-time,Home Improvement,0
188514.0,35403.67,615,0.2474,0,88.7,6.1,0.0545,0.0515,Full-time,Business,0
33488.36,10812.64,647,0.6308,0,87.9,8.9,0.2131,0.1381,Full-time,Debt Consolidation,0
59198.66,11479.37,534,0.1687,0,80.3,3.3,0.0671,0.0525,Full-time,Education,0
79783.14,18888.18,684,0.2402,0,75.4,3.2,0.0785,0.0652,Unemployed,Debt Consolidation,0
38958.54,28872.61,734,0.6597,0,73.7,11.2,0.2998,0.2874,Part-time,Home Improvement,0
44839.89,35871.91,727,0.224,0,75.7,2.2,0.228,0.3333,Full-time,Debt Consolidation,0
74088.73,11795.36,634,0.6932,0,77.8,4.9,0.1056,0.0888,Full-time,Debt Consolidation,0
63516.34,7557.88,666,0.2419,1,56.1,4.8,0.0749,0.05,Self-employed,Home Improvement,0
188871.02,11137.45,613,0.1608,1,55.5,4.6,0.0266,0.05,Full-time,Business,0
36523.97,13776.42,676,0.1886,2,76.1,7.3,0.1934,0.2158,Full-time,Major Purchase,0
51525.22,4768.82,683,0.2471,0,82.7,2.2,0.0567,0.05,Full-time,Home Improvement,0
68624.53,11366.74,702,0.1983,1,54.6,2.9,0.078,0.05,Full-time,Debt Consolidation,0
32243.1,10808.59,611,0.3102,1,66.1,5.7,0.1869,0.1815,Full-time,Debt Consolidation,0
162036.29,13867.8,669,0.0589,0,92.5,4.5,0.0232,0.05,Full-time,Debt Consolidation,0
84639.77,2109.63,599,0.2845,2,57.6,6.0,0.0585,0.05,Self-employed,Education,0
107671.1,16222.23,714,0.3641,0,66.9,8.8,0.0605,0.0535,Full-time,Education,0
42393.57,33914.86,755,0.2413,0,89.3,12.3,0.233,0.2071,Full-time,Debt Consolidation,0
95598.79,3682.65,679,0.4442,0,71.3,7.7,0.0427,0.05,Part-time,Home Improvement,0
55012.64,8268.74,646,0.0701,0,95.4,9.8,0.0452,0.057,Self-employed,Major Purchase,0
20708.23,3610.01,568,0.1617,0,62.5,4.7,0.098,0.0525,Full-time,Education,0
51316.94,28968.65,726,0.0982,0,81.5,7.8,0.1493,0.1432,Full-time,Debt Consolidation,0
27650.61,11731.03,531,0.3795,1,50.5,10.7,0.244,0.1226,Full-time,Education,1
61834.15,23656.83,575,0.2268,2,83.5,5.0,0.157,0.093,Full-time,Education,0
53803.2,7491.58,545,0.165,0,55.0,13.7,0.0555,0.05,Full-time,Debt Consolidation,0
43036.5,15313.66,573,0.2577,1,66.8,3.3,0.1564,0.1757,Full-time,Debt Consolidation,0
143542.67,34065.74,495,0.0854,1,52.3,4.1,0.0696,0.067,Unemployed,Education,1
97732.21,16095.23,644,0.3199,0,71.9,7.2,0.0631,0.0866,Part-time,Business,1
43146.68,34517.35,493,0.2978,0,45.7,3.2,0.2417,0.2586,Part-time,Major Purchase,1
26068.98,4944.94,652,0.0901,0,82.9,4.8,0.0704,0.0535,Self-employed,Debt Consolidation,0
74817.84,2186.29,677,0.1936,0,73.0,3.8,0.0256,0.05,Full-time,Debt Consolidation,0
80583.41,14070.21,648,0.3246,0,73.9,5.7,0.0709,0.05,Full-time,Major Purchase,0
65039.75,16683.68,614,0.3842,0,36.9,3.0,0.1041,0.1432,Full-time,Major Purchase,0
75313.23,58052.19,741,0.4275,0,69.9,9.3,0.2259,0.2401,Full-time,Debt Consolidation,0
59987.7,35612.6,645,0.3363,0,95.8,3.3,0.1828,0.2219,Full-time,Debt Consolidation,0
108104.07,5515.39,637,0.3069,0,65.0,3.3,0.0327,0.05,Full-time,Debt Consolidation,0
42239.44,16424.8,768,0.1032,0,85.9,3.0,0.1109,0.1585,Full-time,Business,1
64830.09,2256.77,710,0.0437,0,64.5,3.0,0.0132,0.05,Full-time,Debt Consolidation,0
69899.03,5879.56,691,0.6397,0,49.7,3.1,0.0861,0.05,Full-time,Business,0
97326.23,10179.29,648,0.3511,1,99.9,2.2,0.0634,0.0623,Full-time,Debt Consolidation,0
106905.17,19222.67,702,0.1183,0,86.6,3.1,0.0511,0.1075,Full-time,Debt Consolidation,1
46990.35,3558.09,751,0.3168,0,76.0,2.0,0.0667,0.05,Self-employed,Debt Consolidation,0
50331.32,40265.05,587,0.4845,0,44.9,5.3,0.2613,0.2033,Full-time,Debt Consolidation,1
71693.74,28381.51,757,0.4196,1,84.6,2.4,0.1539,0.1047,Part-time,Debt Consolidation,0
82380.41,6651.76,730,0.0338,0,72.3,2.7,0.0223,0.05,Full-time,Home Improvement,0
54859.51,13569.92,703,0.2261,0,84.8,3.3,0.089,0.0955,Unemployed,Major Purchase,0
69677.25,12276.87,730,0.1276,0,,,0.0555,0.0637,Full-time,Debt Consolidation,0
57341.8,24680.17,707,0.0652,2,71.4,3.3,0.1533,0.1046,Full-time,Major Purchase,0
91812.51,26718.85,694,0.2705,1,78.6,3.7,0.1041,0.1347,Full-time,Debt Consolidation,0
47564.13,27931.63,664,0.4856,0,84.7,11.1,0.2144,0.203,Full-time,Home Improvement,0
85571.05,25155.36,637,0.5034,1,52.3,2.4,0.1269,0.1581,Full-time,Debt Consolidation,1
23893.93,19115.14,601,0.3626,2,42.2,4.1,0.4017,0.4134,Part-time,Major Purchase,1
39970.16,24826.65,564,0.1916,0,49.6,9.6,0.1836,0.1548,Self-employed,Debt Consolidation,0
24196.35,19357.08,652,0.286,1,82.5,11.8,0.3267,0.2857,Full-time,Debt Consolidation,0
74191.81,11161.86,458,0.1936,1,38.6,5.1,0.0711,0.0543,Part-time,Home Improvement,1
102328.3,32791.52,658,0.2466,0,67.0,1.9,0.0943,0.0773,Full-time,Debt Consolidation,0
24666.25,19733.0,748,0.2902,0,70.9,11.1,0.2767,0.318,Full-time,Home Improvement,0
64327.27,22356.74,695,0.4314,0,89.2,6.3,0.1317,0.1764,Full-time,Debt Consolidation,0
43413.78,34731.02,669,0.5575,1,75.7,7.2,0.3121,0.2209,Full-time,Debt Consolidation,1
32829.06,15291.16,713,0.3637,0,81.5,9.9,0.1916,0.1378,Full-time,Debt Consolidation,0
88975.98,13205.14,715,0.1073,0,75.0,4.7,0.0443,0.0555,Full-time,Debt Consolidation,0
53779.41,15358.26,600,0.68,0,59.0,10.6,0.1596,0.1651,Full-time,Debt Consolidation,0
120880.66,43211.23,646,0.5058,0,67.9,4.6,0.1159,0.1884,Full-time,Home Improvement,0
45517.44,36413.95,798,0.0696,2,,,0.2557,0.3106,Full-time,Home Improvement,0
48856.42,20941.05,581,0.4046,1,68.5,2.4,0.1871,0.1154,Part-time,Debt Consolidation,1
31631.29,25086.28,701,0.0352,0,85.6,7.0,0.1983,0.2179,Full-time,Education,0
74092.54,6176.99,665,0.6217,0,42.5,4.6,0.0804,0.05,Full-time,Home Improvement,0
46778.89,8993.12,747,0.2813,1,97.8,6.4,0.1151,0.0523,Full-time,Debt Consolidation,0
16020.85,12816.68,584,0.2498,0,54.6,1.4,0.3042,0.2167,Full-time,Major Purchase,1
94668.62,2036.37,680,0.0746,0,60.0,5.2,0.0108,0.05,Self-employed,Debt Consolidation,0
56048.94,4081.74,615,0.0748,0,58.1,6.3,0.0271,0.05,Full-time,Debt Consolidation,0
34855.82,27534.9,654,0.1313,1,73.0,2.9,0.2511,0.1893,Full-time,Business,0
67563.14,2530.32,676,0.3551,0,96.8,3.1,0.0468,0.05,Full-time,Debt Consolidation,0
69637.4,44253.68,617,0.2018,0,65.3,5.6,0.1734,0.1628,Full-time,Education,0
34200.03,16296.72,746,0.2727,1,68.0,3.0,0.2069,0.1338,Full-time,Debt Consolidation,0
109507.94,36624.94,719,0.2274,1,,,0.1062,0.1222,Full-time,Debt Consolidation,0
33175.25,3719.12,730,0.6895,1,65.9,6.9,0.2127,0.0515,Part-time,Major Purchase,0
37039.32,12977.36,679,0.216,0,86.1,3.3,0.1261,0.143,Full-time,Debt Consolidation,0
47926.07,37656.43,697,0.0944,1,79.0,5.4,0.2278,0.1899,Full-time,Debt Consolidation,0
25117.98,20094.38,736,0.1627,0,85.1,8.2,0.2386,0.3029,Full-time,Debt Consolidation,0
48605.61,23405.26,778,0.1134,1,88.0,5.1,0.1571,0.1282,Full-time,Major Purchase,0
62507.77,28001.03,725,0.3708,0,79.1,8.2,0.1502,0.184,Full-time,Business,0
52281.43,17881.67,761,0.4414,1,90.4,2.9,0.1658,0.1563,Part-time,Debt Consolidation,0
35413.5,26575.89,708,0.3836,0,68.2,3.1,0.2581,0.3838,Part-time,Major Purchase,0
71148.06,5677.44,716,0.1978,0,64.9,3.6,0.0392,0.05,Full-time,Debt Consolidation,0
117116.38,48121.2,608,0.2497,0,57.1,7.5,0.114,0.1318,Full-time,Debt Consolidation,0
43586.43,9398.15,728,0.5252,1,86.6,4.8,0.166,0.0849,Unemployed,Major Purchase,0
48634.73,34869.28,628,0.2509,0,53.5,3.9,0.2092,0.254,Self-employed,Home Improvement,0
78035.58,62428.46,568,0.2465,1,82.5,11.8,0.2301,0.2494,Self-employed,Major Purchase,0
36582.73,9436.2,828,0.0849,1,84.8,10.0,0.1114,0.1062,Full-time,Debt Consolidation,0
13581.55,10865.24,580,0.2909,0,28.9,1.6,0.3462,0.2208,Self-employed,Debt Consolidation,1
165123.37,17453.0,556,0.234,0,71.3,8.4,0.0356,0.05,Part-time,Business,0
29443.65,23554.92,723,0.2425,0,81.9,5.2,0.2513,0.2745,Full-time,Debt Consolidation,0
50450.61,40360.49,652,0.1959,0,75.6,17.9,0.22,0.2219,Full-time,Home Improvement,0
42937.22,34349.78,714,0.3322,0,87.6,11.7,0.2477,0.2423,Full-time,Business,0
38446.36,24860.16,610,0.2181,0,58.9,2.3,0.196,0.2355,Full-time,Home Improvement,0
66049.75,19613.06,551,0.1333,0,38.5,5.8,0.0858,0.1789,Full-time,Debt Consolidation,0
51884.15,17753.72,697,0.1297,0,63.2,6.4,0.1001,0.1713,Full-time,Home Improvement,0
61299.21,25464.61,814,0.5914,0,100.0,1.9,0.1692,0.1785,Full-time,Debt Consolidation,0
56123.78,3993.07,705,0.033,0,85.4,2.0,0.0213,0.05,Full-time,Debt Consolidation,0
62552.74,38159.43,762,0.1518,1,90.4,17.0,0.1831,0.144,Full-time,Major Purchase,0
135825.03,65970.56,524,0.6844,2,53.3,8.4,0.1705,0.2377,Full-time,Major Purchase,1
32063.87,25651.1,632,0.229,0,73.3,4.9,0.2434,0.3952,Self-employed,Debt Consolidation,0
108967.38,15489.19,626,0.442,1,57.1,4.6,0.0743,0.0801,Full-time,Major Purchase,0
59416.75,6902.34,618,0.0766,1,61.8,3.2,0.0574,0.05,Full-time,Major Purchase,0
42633.1,34106.48,611,0.3045,0,76.2,4.0,0.2434,0.3998,Full-time,Debt Consolidation,0
31310.39,4598.42,658,0.395,0,70.6,6.6,0.1261,0.0767,Self-employed,Home Improvement,0
146747.71,10594.03,629,0.088,1,,,0.0298,0.05,Full-time,Debt Consolidation,0
27203.68,21762.94,680,0.133,0,67.6,1.6,0.2272,0.3661,Full-time,Home Improvement,0
56852.4,3854.08,736,0.4549,1,73.2,4.1,0.095,0.05,Full-time,Debt Consolidation,0
25317.28,20253.83,666,0.3226,0,,,0.2837,0.2492,Self-employed,Business,0
48963.85,11101.98,684,0.0973,1,97.2,3.4,0.0932,0.0967,Part-time,Debt Consolidation,0
59579.76,37107.0,661,0.2227,1,100.0,5.2,0.1965,0.1889,Full-time,Major Purchase,0
39794.87,31835.9,621,0.4567,1,59.5,13.3,0.3048,0.1828,Full-time,Major Purchase,0
49581.51,31510.85,797,0.3978,1,100.0,5.3,0.2345,0.1789,Full-time,Debt Consolidation,0
43951.07,35160.85,785,0.0603,0,100.0,5.6,0.2019,0.2993,Full-time,Education,0
64969.98,10355.7,683,0.5834,2,71.1,2.5,0.1398,0.0632,Full-time,Home Improvement,0
68677.1,32051.31,465,0.1046,2,35.4,5.4,0.1579,0.1512,Full-time,Debt Consolidation,1
24810.84,19848.67,766,0.6018,0,100.0,2.1,0.3666,0.2725,Full-time,Education,0
17741.44,14193.15,589,0.4961,3,61.1,5.9,0.5962,0.2024,Full-time,Business,1
41632.06,4646.48,646,0.2356,0,45.6,3.2,0.0675,0.05,Full-time,Home Improvement,0
28945.07,5874.62,541,0.453,0,43.8,6.4,0.1614,0.0654,Full-time,Home Improvement,1
54323.46,27129.88,559,0.4071,1,87.8,5.2,0.1959,0.1452,Full-time,Debt Consolidation,0
37227.55,9686.35,713,0.3334,1,88.8,5.1,0.1592,0.0799,Full-time,Home Improvement,0
46258.25,14749.12,598,0.3426,0,58.0,5.7,0.1299,0.0962,Full-time,Debt Consolidation,0
84347.89,20300.14,700,0.2096,0,91.3,6.6,0.0757,0.0976,Full-time,Education,0
26106.97,14712.95,708,0.4946,1,83.1,3.1,0.3176,0.1685,Full-time,Debt Consolidation,0
87868.24,29491.08,549,0.217,0,67.4,5.2,0.0983,0.1063,Part-time,Debt Consolidation,0
92241.39,8881.15,665,0.3188,0,84.4,8.3,0.048,0.05,Full-time,Debt Consolidation,0
60380.53,8114.49,666,0.0773,0,76.7,2.1,0.0415,0.05,Full-time,Education,0
66180.95,10472.98,600,0.1369,0,83.6,3.2,0.0529,0.069,Part-time,Education,0
65252.83,8939.13,652,0.131,1,71.4,4.8,0.0657,0.0566,Full-time,Debt Consolidation,0
78753.1,14705.28,534,0.2096,0,59.2,7.3,0.064,0.0887,Full-time,Debt Consolidation,0
19486.75,15589.4,695,0.1327,0,63.9,4.6,0.241,0.207,Full-time,Education,0
181910.28,4622.49,683,0.2497,0,,,0.016,0.05,Part-time,Home Improvement,0
97061.36,26576.23,521,0.196,0,51.4,2.3,0.0803,0.1554,Full-time,Major Purchase,0
143364.58,33659.01,495,0.1786,0,69.3,4.0,0.0653,0.1006,Full-time,Debt Consolidation,0
48093.8,12787.4,736,0.4055,1,91.2,6.5,0.1495,0.0646,Full-time,Home Improvement,0
118445.55,48429.28,657,0.1357,1,94.7,2.9,0.1165,0.1151,Unemployed,Debt Consolidation,0
79234.72,7635.56,458,0.45,0,30.9,9.2,0.064,0.0504,Full-time,Major Purchase,1
24551.51,19641.21,587,0.2575,0,79.0,2.3,0.2675,0.4184,Full-time,Debt Consolidation,0
45328.85,9570.89,690,0.2114,0,,,0.0842,0.062,Full-time,Home Improvement,0
55385.26,14634.41,598,0.1648,0,69.9,1.0,0.0848,0.0893,Full-time,Debt Consolidation,0
19995.12,15996.09,581,0.5422,1,65.2,8.5,0.4473,0.4048,Full-time,Home Improvement,1
64805.0,6286.65,565,0.3662,3,53.7,8.9,0.1195,0.05,Part-time,Debt Consolidation,0
48866.22,39092.98,618,0.0694,0,57.3,1.9,0.2022,0.2378,Full-time,Major Purchase,0
90687.03,28548.92,695,0.5458,0,44.2,3.8,0.1189,0.0789,Self-employed,Debt Consolidation,0
57457.5,40440.7,702,0.373,0,86.3,4.3,0.2157,0.1998,Self-employed,Education,0
147383.39,70054.23,519,0.3058,0,61.4,1.9,0.129,0.23,Self-employed,Debt Consolidation,1
91359.37,12358.15,850,0.5269,0,100.0,1.9,0.074,0.05,Full-time,Debt Consolidation,0
51187.37,12428.02,545,0.2118,0,40.0,4.8,0.0881,0.1246,Full-time,Debt Consolidation,0
35394.39,13117.63,564,0.2972,1,48.5,3.8,0.1833,0.0886,Full-time,Debt Consolidation,1
78293.36,9012.84,582,0.3581,1,86.4,4.8,0.0759,0.05,Full-time,Debt Consolidation,0
146817.5,16366.62,612,0.1442,0,63.1,3.3,0.0338,0.05,Self-employed,Business,0
35675.07,28540.06,561,0.4406,1,58.3,2.1,0.3146,0.3495,Full-time,Debt Consolidation,1
71580.29,50359.4,495,0.6408,1,18.4,4.0,0.2501,0.2193,Unemployed,Debt Consolidation,1
26238.46,4359.59,596,0.2122,0,62.8,4.5,0.0981,0.0605,Full-time,Debt Consolidation,0
28393.6,7561.78,681,0.1009,0,81.5,3.5,0.0895,0.069,Full-time,Business,0
105531.06,58791.38,668,0.2294,0,63.2,4.8,0.1494,0.1435,Full-time,Debt Consolidation,0
42846.61,4551.18,625,0.2211,0,80.3,7.0,0.0626,0.05,Full-time,Home Improvement,0
102565.44,16132.32,577,0.0498,0,53.5,6.7,0.0412,0.05,Full-time,Debt Consolidation,0
38874.74,31099.79,711,0.0412,0,96.1,7.5,0.1996,0.3856,Full-time,Debt Consolidation,0
77039.6,18401.85,541,0.3189,0,60.6,3.8,0.0871,0.0681,Self-employed,Major Purchase,0
40509.97,2629.7,787,0.2607,0,94.0,6.4,0.0619,0.05,Full-time,Debt Consolidation,1
38637.4,30909.92,728,0.38,0,87.8,6.2,0.2628,0.3456,Part-time,Business,0
52853.0,5605.88,513,0.298,0,54.6,1.7,0.0661,0.05,Full-time,Home Improvement,0
106215.8,4454.87,600,0.4917,0,60.3,9.6,0.0434,0.05,Self-employed,Debt Consolidation,0
55673.71,4349.25,578,0.4562,0,45.9,18.6,0.0777,0.0507,,Debt Consolidation,0
29731.19,21997.61,704,0.1493,1,63.9,6.5,0.2541,0.3747,Full-time,Home Improvement,0
25589.23,20471.38,636,0.4022,0,63.7,4.2,0.3052,0.2633,Self-employed,Home Improvement,0
45770.63,31705.2,785,0.0369,2,77.2,3.6,0.2245,0.3029,Part-time,Education,1
128425.56,18577.37,734,0.5133,0,85.4,10.3,0.0635,0.05,Full-time,Debt Consolidation,0
18337.3,14669.84,687,0.4386,2,72.8,5.2,0.4951,0.3462,Full-time,Home Improvement,1
82608.52,55908.49,691,0.4237,1,100.0,8.2,0.2139,0.1756,Full-time,Debt Consolidation,0
37787.64,19851.43,557,0.5783,0,74.3,3.4,0.2363,0.1792,Full-time,Debt Consolidation,1
73191.5,15911.59,658,0.3208,1,65.0,10.8,0.1001,0.1148,Part-time,Education,0
33633.3,23678.11,702,0.4483,0,72.3,4.6,0.2649,0.1639,Full-time,Home Improvement,0
45292.17,11447.89,707,0.2553,1,83.3,1.4,0.1277,0.0629,Full-time,Debt Consolidation,0
22956.4,18365.12,661,0.3492,0,62.3,7.3,0.3015,0.3217,Full-time,Debt Consolidation,1
45267.06,16074.23,710,0.4886,0,62.4,18.8,0.1629,0.1485,Full-time,Business,0
54887.72,34537.24,677,0.3907,1,75.0,3.3,0.2241,0.2904,,Debt Consolidation,0
32440.64,5700.25,511,0.3193,1,55.1,3.7,0.15,0.05,Self-employed,Home Improvement,1
117231.25,14370.67,639,0.4006,1,91.6,2.3,0.0643,0.0747,Part-time,Home Improvement,0
33015.51,20819.39,712,0.3297,1,81.3,5.5,0.2596,0.233,Full-time,Education,0
49163.4,3885.17,636,0.4414,0,59.7,4.0,0.0836,0.05,Full-time,Debt Consolidation,0
57418.1,10010.94,603,0.2171,0,61.0,13.6,0.0691,0.0525,Full-time,Debt Consolidation,0
34380.38,11521.82,708,0.0422,1,91.9,5.2,0.1242,0.1834,Full-time,Business,0
49950.79,21012.83,514,0.0471,0,,,0.1077,0.1484,Part-time,Major Purchase,0
61199.87,48959.9,729,0.0954,0,85.9,2.6,0.2032,0.2048,Full-time,Debt Consolidation,0
110279.92,11475.65,678,0.1662,0,45.9,4.3,0.0358,0.05,Full-time,Debt Consolidation,0
29571.45,10739.89,687,0.0582,1,55.1,2.3,0.1419,0.1602,Full-time,Business,0
146006.93,14085.25,570,0.0378,0,78.4,5.2,0.025,0.0524,Full-time,Debt Consolidation,0
50859.43,40687.54,682,0.1548,0,60.4,1.5,0.2139,0.2443,Full-time,Home Improvement,0
158371.61,42575.68,752,0.1321,0,85.4,4.0,0.0705,0.1513,Self-employed,Business,0
26000.51,20800.41,609,0.2977,0,84.0,2.7,0.2744,0.2889,Self-employed,Home Improvement,0
60030.44,3482.13,722,0.2945,0,66.4,13.1,0.0492,0.05,Full-time,Debt Consolidation,0
69758.76,44045.83,737,0.2082,0,94.9,6.0,0.173,0.1539,Full-time,Business,0
60867.75,9435.8,628,0.2587,1,70.1,3.5,0.0875,0.0593,,Business,0
39094.88,8364.46,625,0.2822,0,78.0,6.3,0.1033,0.0937,Full-time,Debt Consolidation,0
156024.8,20461.53,566,0.0845,0,57.7,4.2,0.0354,0.05,,Education,0
88697.68,7716.4,679,0.1536,0,43.7,4.3,0.0333,0.05,Full-time,Major Purchase,1
74970.13,5761.01,680,0.2136,0,59.7,8.7,0.039,0.05,Full-time,Debt Consolidation,0
46954.66,11536.78,539,0.1496,1,70.1,8.9,0.1075,0.0665,Full-time,Debt Consolidation,0
86452.18,64433.91,697,0.118,0,85.5,7.7,0.1887,0.3504,Full-time,Major Purchase,0
54938.56,7238.33,629,0.3583,1,45.0,4.8,0.1004,0.05,Full-time,Home Improvement,0
108530.65,8391.49,654,0.0755,0,62.7,4.6,0.0236,0.05,Full-time,Major Purchase,0
16877.13,2030.65,768,0.4673,1,79.5,2.5,0.2993,0.0536,Part-time,Debt Consolidation,0
67718.62,16867.72,537,0.158,0,22.2,4.2,0.0766,0.1162,Full-time,Debt Consolidation,1
30490.4,13916.48,546,0.3124,0,48.0,3.3,0.1833,0.1305,Full-time,Debt Consolidation,1
70236.17,6950.03,589,0.1602,0,55.3,18.7,0.0402,0.05,Full-time,Debt Consolidation,0
76123.95,15151.36,649,0.2046,0,74.0,3.4,0.0671,0.0702,Full-time,Debt Consolidation,0
95754.28,19112.85,647,0.3932,1,66.9,3.1,0.09,0.1013,Full-time,Debt Consolidation,0
66917.11,10173.41,674,0.1832,0,90.0,4.1,0.0562,0.0672,Full-time,Debt Consolidation,1
53006.62,30703.5,653,0.2449,1,62.3,6.7,0.1949,0.1494,Full-time,Business,0
34634.36,13269.25,653,0.3043,0,63.2,11.1,0.1552,0.135,Self-employed,Debt Consolidation,0
39098.23,20424.6,615,0.0806,0,71.6,5.4,0.1402,0.2332,Self-employed,Home Improvement,0
49304.37,15318.27,740,0.1385,0,88.3,5.4,0.0948,0.1434,Part-time,Debt Consolidation,0
72639.54,27686.53,746,0.3531,0,67.7,7.7,0.1265,0.1094,Full-time,Education,0
46911.97,2593.19,578,0.3565,0,69.9,4.7,0.068,0.05,Full-time,Education,0
68626.8,54901.44,570,0.127,0,50.6,19.7,0.2053,0.1999,Unemployed,Major Purchase,1
57667.49,2019.63,632,0.1366,0,53.3,3.8,0.0255,0.05,Full-time,Debt Consolidation,0
202565.63,20447.26,707,0.422,0,75.9,7.1,0.0392,0.05,Part-time,Debt Consolidation,0
24239.65,18455.66,584,0.1219,0,62.3,11.3,0.2189,0.1782,Full-time,Debt Consolidation,0
123014.43,16251.6,701,0.3185,1,83.1,7.9,0.0601,0.05,Full-time,Debt Consolidation,0
72830.64,21699.37,623,0.525,0,83.1,6.2,0.1234,0.1087,Full-time,Debt Consolidation,0
78004.09,3841.86,728,0.4059,1,87.3,8.9,0.0647,0.05,Full-time,Home Improvement,0
89676.26,42843.94,644,0.252,0,77.8,3.2,0.1349,0.1187,Full-time,Debt Consolidation,0
153945.39,30927.47,607,0.3475,0,85.2,2.5,0.0645,0.0862,Self-employed,Home Improvement,0
117538.59,8179.93,706,0.3571,0,82.5,3.7,0.0386,0.05,Full-time,Debt Consolidation,0
17205.94,13764.76,705,0.3641,0,79.8,3.9,0.3443,0.3483,Full-time,Education,0
71464.39,16999.91,642,0.1663,0,46.4,7.9,0.0738,0.0705,Full-time,Home Improvement,0
31820.44,25456.35,690,0.1504,0,90.0,4.8,0.226,0.2311,Full-time,Debt Consolidation,0
33902.97,6021.35,594,0.3874,0,38.7,4.8,0.1249,0.05,Full-time,Debt Consolidation,0
43615.51,34892.4,617,0.0803,1,55.4,7.3,0.2328,0.3238,Full-time,Major Purchase,0
108778.14,45054.52,598,0.2722,1,67.5,3.7,0.1285,0.1244,Part-time,Debt Consolidation,0
31267.99,5107.16,669,0.2416,0,70.6,4.4,0.0948,0.0527,Full-time,Education,0
37002.34,2750.47,680,0.3023,0,53.1,4.4,0.0767,0.05,Full-time,Home Improvement,0
61024.55,24456.83,729,0.5306,2,82.8,2.9,0.1981,0.1274,Full-time,Debt Consolidation,0
42449.05,16733.48,671,0.3621,1,60.1,1.5,0.1843,0.1342,Full-time,Business,0
90150.55,22432.91,640,0.05,0,66.0,4.1,0.0637,0.0987,Part-time,Home Improvement,0
70607.19,8549.76,630,0.6276,1,56.8,8.6,0.1101,0.05,Full-time,Major Purchase,0
47125.91,25622.93,574,0.0051,0,68.9,4.9,0.1313,0.1719,Unemployed,Debt Consolidation,1
46710.98,4290.23,564,0.7068,0,36.3,1.9,0.131,0.0549,Full-time,Major Purchase,1
69673.08,29945.33,559,0.2762,0,68.8,4.0,0.1317,0.1263,Unemployed,Debt Consolidation,1
56266.9,43337.65,650,0.0884,2,47.7,11.5,0.2388,0.209,Self-employed,Business,1
54248.37,5042.81,776,0.1078,1,83.7,8.9,0.0587,0.05,Full-time,Debt Consolidation,0
42479.94,28442.69,698,0.0438,0,68.4,3.9,0.1681,0.2388,Full-time,Major Purchase,0
88713.53,29762.01,832,0.2763,0,79.0,2.2,0.1029,0.1074,Full-time,Debt Consolidation,0
64248.63,3203.51,659,0.2129,0,70.5,15.6,0.0358,0.05,Full-time,Debt Consolidation,0
59504.14,21968.21,666,0.2554,0,73.2,5.5,0.1195,0.1337,Full-time,Home Improvement,0
79857.48,16727.5,801,0.3402,0,82.2,7.1,0.0809,0.0513,,Home Improvement,0
55161.66,3080.8,522,0.1381,0,65.7,4.1,0.0314,0.05,Self-employed,Debt Consolidation,1
86355.45,8815.62,598,0.2916,1,52.3,5.6,0.0627,0.0637,Self-employed,Debt Consolidation,0
15109.06,12087.25,666,0.0277,1,70.2,4.8,0.2846,0.2128,Full-time,Debt Consolidation,0
76438.6,6020.68,629,0.5079,1,66.2,11.9,0.0824,0.05,Full-time,Home Improvement,0
68145.62,48172.49,710,0.2871,0,56.7,3.0,0.2,0.1878,Full-time,Debt Consolidation,0
69983.48,7362.35,593,0.1017,2,49.1,1.9,0.07,0.05,Unemployed,Debt Consolidation,1
81341.98,21904.47,602,0.1977,1,40.1,16.7,0.0969,0.1086,Full-time,Debt Consolidation,0
37008.08,29606.46,739,0.2603,0,96.3,3.0,0.2426,0.3868,Full-time,Debt Consolidation,0
76256.19,15338.62,740,0.3953,0,83.3,7.1,0.0856,0.0946,Full-time,Debt Consolidation,0
89131.67,23661.95,765,0.105,1,94.8,9.4,0.0857,0.1324,Full-time,Education,0
69502.63,53974.59,621,0.066,0,57.7,3.0,0.1932,0.2128,Full-time,Home Improvement,0
64079.85,47201.51,625,0.4747,0,67.6,7.1,0.2301,0.2373,Full-time,Home Improvement,0
80273.31,27476.64,626,0.2165,2,60.7,2.9,0.1315,0.1154,Full-time,Debt Consolidation,0
65321.46,28089.57,559,0.3369,0,68.5,4.2,0.1403,0.107,Full-time,Business,0
57180.68,20088.92,648,0.3438,0,69.5,10.3,0.1276,0.1932,Self-employed,Education,0
22007.94,17606.35,615,0.6289,0,56.5,9.6,0.3977,0.3395,Self-employed,Debt Consolidation,1
73933.29,9639.44,539,0.2736,0,73.9,12.3,0.0579,0.05,Full-time,Education,0
45881.95,19677.83,651,0.0244,0,66.8,6.9,0.1068,0.143,Full-time,Debt Consolidation,0
46715.54,12607.85,654,0.2558,0,51.6,6.7,0.1042,0.098,Part-time,Home Improvement,0
47322.16,37857.73,568,0.2512,1,71.0,2.6,0.2556,0.1988,Full-time,Debt Consolidation,1
69864.37,5324.44,655,0.1838,2,83.2,3.1,0.0716,0.05,Full-time,Home Improvement,0
31378.04,3732.03,712,0.7027,0,80.3,2.9,0.1898,0.05,Full-time,Debt Consolidation,0
109994.52,62765.67,615,0.1652,0,92.7,4.3,0.1478,0.1595,Full-time,Debt Consolidation,0
22957.73,18366.18,654,0.0701,0,100.0,14.8,0.214,0.2175,Full-time,Home Improvement,0
94932.27,3711.32,603,0.1125,0,84.7,4.0,0.0179,0.05,Full-time,Home Improvement,0
32843.79,12091.26,704,0.4892,2,88.7,3.8,0.2687,0.0976,Full-time,Debt Consolidation,0
65809.73,24822.62,670,0.3536,1,63.0,8.1,0.1475,0.1426,Full-time,Education,0
91806.21,2115.48,635,0.0537,0,77.7,8.2,0.01,0.05,Part-time,Education,0
68471.92,2222.91,628,0.173,0,91.7,3.2,0.026,0.05,Full-time,Home Improvement,0
35671.68,14940.72,623,0.2367,1,52.0,9.7,0.1819,0.1658,Full-time,Home Improvement,0
49273.16,12194.12,506,0.5231,1,24.6,2.8,0.1602,0.0751,Full-time,Debt Consolidation,1
42944.03,34355.23,578,0.4617,1,61.9,3.6,0.2974,0.3186,Self-employed,Business,1
32122.45,3443.48,639,0.0294,1,65.3,11.4,0.0697,0.05,Full-time,Business,0
24493.4,19594.72,613,0.2711,2,76.2,2.0,0.3697,0.3294,Part-time,Education,1
39770.62,31816.5,677,0.2133,0,98.0,3.1,0.2306,0.4114,,Debt Consolidation,1
41206.14,32221.84,770,0.2432,1,80.6,3.5,0.2593,0.399,,Debt Consolidation,0
32850.68,8188.79,630,0.4557,2,70.5,5.0,0.2328,0.0623,Full-time,Education,0
42236.67,20026.54,641,0.1405,0,64.0,8.1,0.1377,0.1703,Full-time,Debt Consolidation,0
87500.21,21421.16,704,0.1176,0,,,0.0684,0.0632,Full-time,Debt Consolidation,0
37967.26,25681.57,614,0.1451,0,65.1,1.7,0.1899,0.1625,Self-employed,Major Purchase,0
132453.38,7258.14,641,0.1861,1,70.2,6.7,0.0323,0.05,Full-time,Debt Consolidation,0
94550.1,9434.43,733,0.0729,4,71.6,3.7,0.0803,0.05,Full-time,Debt Consolidation,0
41458.18,8583.06,654,0.2526,0,91.1,4.2,0.0936,0.0772,Full-time,Education,0
132298.14,32427.94,686,0.1493,0,43.2,3.2,0.067,0.0624,Full-time,Debt Consolidation,0
24650.45,19720.36,790,0.2929,2,100.0,3.4,0.3749,0.3097,Full-time,Home Improvement,0
30343.08,24274.46,737,0.1128,0,85.4,2.9,0.2188,0.1856,Full-time,Debt Consolidation,0
171329.25,4120.36,739,0.3064,0,75.3,2.6,0.0186,0.05,Full-time,Home Improvement,0
70836.17,4319.33,586,0.4615,1,65.3,11.4,0.0785,0.05,Full-time,Education,0
60669.0,22555.11,694,0.3353,0,86.8,9.0,0.129,0.0921,Full-time,Education,0
99931.62,4976.17,718,0.3077,0,85.9,4.3,0.0341,0.05,Full-time,Home Improvement,0
100224.3,36879.54,623,0.1658,1,63.0,5.8,0.1122,0.1219,Full-time,Debt Consolidation,0
54549.19,4718.54,532,0.151,0,47.8,5.7,0.0407,0.05,Self-employed,Debt Consolidation,0
82207.06,16250.54,717,0.2841,0,78.5,5.6,0.0723,0.0711,Full-time,Education,0
74602.2,17179.71,646,0.1379,0,84.6,3.5,0.0686,0.1373,Full-time,Debt Consolidation,0
80819.09,10477.05,570,0.0631,1,86.8,3.3,0.0516,0.0783,Full-time,Debt Consolidation,0
34285.7,20740.29,596,0.4099,0,86.1,6.2,0.2313,0.2581,Full-time,Debt Consolidation,0
34672.19,12929.45,652,0.2172,1,57.6,8.3,0.1692,0.1243,Full-time,Education,1
44311.24,27572.27,569,0.4138,0,48.1,8.2,0.2166,0.223,Full-time,Major Purchase,1
91660.69,11197.19,620,0.2419,1,48.5,3.6,0.0614,0.05,Full-time,Debt Consolidation,0
97891.91,14406.34,602,0.1429,0,51.4,3.0,0.0458,0.05,Unemployed,Home Improvement,1
116784.5,3671.4,610,0.2459,1,65.4,3.5,0.033,0.05,Full-time,Debt Consolidation,0
46890.88,28489.74,694,0.3603,0,81.4,5.1,0.2011,0.1965,Full-time,Debt Consolidation,0
40404.44,23100.55,757,0.0768,0,90.5,2.0,0.1509,0.1564,Part-time,Major Purchase,0
66783.96,3304.67,543,0.2953,0,53.3,5.4,0.0437,0.05,Full-time,Education,0
20191.26,6170.2,604,0.2834,0,98.6,2.4,0.1744,0.1002,Self-employed,Debt Consolidation,0
81429.55,7196.79,623,0.2617,0,70.8,2.8,0.0444,0.05,Self-employed,Debt Consolidation,0
144065.15,8083.59,722,0.3703,1,92.2,1.2,0.0403,0.05,Part-time,Debt Consolidation,0
43610.9,30882.59,523,0.0212,0,64.7,1.3,0.1735,0.2538,Part-time,Debt Consolidation,0
14270.16,9023.15,672,0.2132,1,80.5,12.6,0.3434,0.292,Full-time,Debt Consolidation,0
107549.58,4334.43,699,0.044,0,73.9,3.3,0.0126,0.05,Full-time,Debt Consolidation,0
72036.71,41717.67,638,0.4489,1,88.1,3.1,0.2005,0.1563,Full-time,Debt Consolidation,0
106538.68,18137.5,588,0.5531,0,49.8,3.7,0.0782,0.0766,Part-time,Education,0
79848.06,4003.36,620,0.1156,2,72.0,3.5,0.0525,0.05,Full-time,Debt Consolidation,0
49503.47,13349.25,507,0.1319,1,35.1,12.6,0.1081,0.1068,Full-time,Business,1
34668.61,3657.52,461,0.1288,1,31.5,1.9,0.0867,0.05,Full-time,Debt Consolidation,1
128308.07,6147.34,696,0.0527,0,66.0,7.9,0.0145,0.05,Part-time,Major Purchase,0
38019.7,16429.88,717,0.4461,0,84.9,7.8,0.1882,0.2108,Full-time,Debt Consolidation,0
36624.41,29299.53,748,0.0325,0,82.1,12.7,0.1984,0.2091,Full-time,Debt Consolidation,0
56865.05,21674.81,602,0.0301,0,81.0,2.6,0.0953,0.0919,Full-time,Education,0
60559.58,48447.67,738,0.2982,1,62.0,5.3,0.2473,0.3029,Unemployed,Debt Consolidation,1
60758.11,19685.76,656,0.5604,1,69.0,5.6,0.1639,0.0795,Full-time,Major Purchase,0
74865.63,4559.13,510,0.1703,1,43.1,11.4,0.047,0.05,Self-employed,Debt Consolidation,1
39106.2,31284.96,676,0.4786,0,51.6,1.9,0.2801,0.2819,Full-time,Debt Consolidation,1
41655.26,2771.13,475,0.4539,0,37.4,7.6,0.0944,0.05,Full-time,Major Purchase,1
48270.53,7111.95,667,0.3379,0,55.9,4.2,0.0858,0.0515,Full-time,Home Improvement,0
76058.33,44110.97,599,0.3712,1,63.6,4.3,0.1901,0.2502,Full-time,Major Purchase,0
183262.41,24719.78,637,0.0419,2,68.1,16.6,0.0471,0.05,Full-time,Debt Consolidation,0
134138.16,10412.97,644,0.0937,0,39.9,3.1,0.0237,0.05,Full-time,Debt Consolidation,0
28946.61,23157.29,640,0.1727,1,92.1,12.3,0.2764,0.2632,Part-time,Major Purchase,0
50040.37,4992.1,544,0.5366,0,95.9,6.5,0.1012,0.05,Full-time,Major Purchase,0
29783.83,23827.06,584,0.3117,0,64.4,4.4,0.2674,0.1952,Part-time,Debt Consolidation,0
20567.81,11410.9,589,0.3184,0,75.2,11.5,0.2446,0.1697,Full-time,Debt Consolidation,0
42097.21,33677.76,545,0.563,2,60.7,6.5,0.3453,0.2073,Full-time,Debt Consolidation,1
30817.69,3968.43,617,0.0631,2,,,0.1235,0.0525,Part-time,Debt Consolidation,1
53616.71,12353.05,660,0.3395,0,50.1,8.6,0.1009,0.0708,Full-time,Debt Consolidation,0
48699.92,38959.94,593,0.4886,0,69.6,5.3,0.2642,0.227,Self-employed,Business,1
119654.34,13424.04,686,0.0477,1,52.2,5.1,0.0398,0.05,Part-time,Debt Consolidation,0
43018.82,34415.06,686,0.4156,0,60.0,2.8,0.2616,0.3475,Full-time,Debt Consolidation,0
48702.87,5888.18,589,0.1817,0,55.1,11.5,0.0559,0.05,Full-time,Home Improvement,0
58099.03,36088.19,749,0.411,1,70.0,3.5,0.2207,0.1922,Full-time,Major Purchase,0
22607.46,15147.03,729,0.106,0,82.5,2.2,0.1946,0.1761,Full-time,Home Improvement,0
30305.13,24244.11,616,0.3937,0,72.0,5.9,0.2855,0.2643,Self-employed,Education,0
62401.52,3365.51,644,0.063,1,61.2,5.5,0.0394,0.05,Full-time,Debt Consolidation,0
55557.67,15033.86,645,0.4687,0,92.3,8.4,0.1257,0.1338,Full-time,Business,0
110506.13,3171.43,742,0.5945,0,100.0,7.6,0.0456,0.05,Full-time,Debt Consolidation,1
32358.71,7037.07,672,0.1854,0,78.5,9.2,0.0934,0.0684,Full-time,Debt Consolidation,0
78350.18,8153.27,645,0.3106,0,84.5,1.0,0.0535,0.05,Full-time,Debt Consolidation,0
27440.67,21952.54,733,0.0609,0,73.6,6.6,0.208,0.2467,Full-time,Debt Consolidation,0
50329.45,27179.75,694,0.4531,1,59.8,4.2,0.2183,0.2128,Full-time,Major Purchase,1
56674.03,9017.02,651,0.1734,0,80.0,8.4,0.0602,0.05,Full-time,Debt Consolidation,0
47374.19,12295.69,774,0.0729,0,82.7,5.8,0.0734,0.0808,Full-time,Education,1
41552.08,10409.31,682,0.1115,0,44.4,16.5,0.0795,0.0929,Full-time,Debt Consolidation,0
62818.98,5017.46,691,0.229,0,56.8,7.3,0.0454,0.05,Full-time,Debt Consolidation,0
80170.68,32170.34,685,0.0931,1,87.9,1.8,0.1196,0.1045,Full-time,Home Improvement,0
40844.65,13538.43,708,0.34,1,56.7,6.8,0.1689,0.1402,Full-time,Home Improvement,0
45536.05,2887.58,724,0.4912,0,69.2,4.5,0.0929,0.05,Full-time,Debt Consolidation,0
25517.22,4710.43,735,0.1733,0,91.7,3.5,0.0932,0.0618,Full-time,Business,0
80618.31,41269.95,644,0.3387,0,81.9,10.1,0.1531,0.21,Full-time,Business,0
23837.67,19070.14,573,0.7227,0,51.0,2.5,0.4103,0.1998,Full-time,Debt Consolidation,1
43573.37,19566.35,717,0.27,2,86.3,4.4,0.2075,0.1707,Full-time,Home Improvement,0
35764.95,6082.39,688,0.5133,0,60.4,4.7,0.1442,0.05,Part-time,Major Purchase,0
33199.03,26559.23,529,0.5611,0,25.1,6.9,0.3137,0.1847,Self-employed,Debt Consolidation,1
53989.1,30866.94,682,0.078,0,77.5,7.5,0.1476,0.2986,Self-employed,Home Improvement,0
51812.92,41450.33,681,0.1752,1,66.6,5.0,0.2395,0.2328,Full-time,Debt Consolidation,0
99353.07,16933.6,616,0.1038,0,62.2,8.1,0.0484,0.0861,Full-time,Debt Consolidation,0
67681.1,14095.26,692,0.6168,0,76.2,2.4,0.1156,0.0794,Unemployed,Debt Consolidation,0
55473.01,4707.82,690,0.412,0,65.3,7.5,0.0738,0.05,Full-time,Education,0
65847.35,31872.0,687,0.0518,0,77.2,2.8,0.1218,0.1502,Full-time,Debt Consolidation,0
66728.45,33328.63,629,0.4687,0,75.1,13.1,0.1704,0.2394,Full-time,Debt Consolidation,0
40682.73,4252.29,700,0.3913,1,49.7,5.2,0.1238,0.05,Full-time,Education,0
37986.0,13497.97,541,0.1525,1,65.5,9.4,0.1458,0.092,Part-time,Education,0
41948.98,10818.38,687,0.5048,0,71.7,3.0,0.1485,0.0846,Full-time,Home Improvement,0
133290.11,22317.12,647,0.4237,0,97.4,6.3,0.0631,0.0595,Full-time,Business,0
50494.89,18874.9,561,0.1682,0,55.4,5.8,0.1137,0.1853,Full-time,Debt Consolidation,0
34738.98,3883.37,756,0.1016,0,52.2,6.0,0.0479,0.05,Full-time,Home Improvement,0
124305.67,15545.72,635,0.2596,0,80.8,5.9,0.0451,0.05,Unemployed,Education,0
67905.4,54324.32,600,0.2992,0,71.9,5.1,0.2237,0.3668,Full-time,Home Improvement,0
29367.71,18848.3,611,0.7338,0,53.8,9.4,0.3339,0.1582,Full-time,Debt Consolidation,1
127316.02,21379.87,641,0.157,1,39.0,3.9,0.0586,0.0682,Full-time,Debt Consolidation,0
49480.18,5171.06,749,0.1915,1,82.6,5.7,0.0772,0.05,Part-time,Home Improvement,0
62936.46,7968.36,676,0.2864,0,67.7,2.1,0.0632,0.0669,Full-time,Education,0
114253.32,2676.88,557,0.0356,2,65.1,12.0,0.0289,0.05,Full-time,Debt Consolidation,0
30410.52,4465.09,711,0.558,0,82.2,7.9,0.1673,0.0555,Part-time,Major Purchase,0
59112.99,11108.11,505,0.3045,1,57.8,1.1,0.1025,0.0576,Full-time,Major Purchase,1
19922.38,15937.9,623,0.2073,0,94.0,3.6,0.2669,0.2981,Full-time,Debt Consolidation,0
76625.1,4501.37,718,0.6246,0,80.2,6.1,0.0728,0.05,Full-time,Major Purchase,0
182938.43,14078.01,614,0.2689,0,78.9,7.1,0.0291,0.05,Full-time,Business,0
57154.78,19547.63,670,0.5859,0,72.6,9.1,0.1559,0.1735,Full-time,Debt Consolidation,0
37238.57,4773.34,591,0.2673,0,60.4,1.5,0.0824,0.05,Self-employed,Home Improvement,0
68105.67,50328.25,696,0.4703,1,98.0,8.4,0.2447,0.2221,Full-time,Business,0
66733.75,23447.3,631,0.1939,1,53.5,3.1,0.1232,0.0978,Full-time,Debt Consolidation,0
110134.43,25197.1,503,0.3663,0,25.9,7.7,0.0789,0.1055,Full-time,Debt Consolidation,1
52849.24,21672.81,557,0.0965,0,,,0.1116,0.1763,Full-time,Home Improvement,0
61459.44,5869.51,711,0.4245,0,77.4,4.1,0.0727,0.05,Full-time,Debt Consolidation,0
31980.27,22814.19,673,0.4666,0,76.6,3.5,0.2763,0.1734,Self-employed,Home Improvement,0
97922.19,8149.59,735,0.2028,0,80.8,11.7,0.0349,0.05,Full-time,Education,0
25655.11,14682.13,683,0.0599,0,69.3,4.8,0.1542,0.1765,Self-employed,Home Improvement,0
28687.99,22950.39,660,0.2796,1,67.1,4.5,0.304,0.1927,Full-time,Debt Consolidation,0
24679.03,19743.22,739,0.1536,1,91.5,18.4,0.2854,0.3078,Part-time,Debt Consolidation,0
21210.35,16968.28,518,0.4436,1,45.3,7.6,0.3992,0.1942,Part-time,Major Purchase,1
53897.26,5230.45,581,0.2582,0,77.8,2.0,0.0578,0.05,Full-time,Business,0
40900.04,32720.03,685,0.4937,0,76.9,10.3,0.2789,0.286,Full-time,Home Improvement,0
97892.71,44903.58,625,0.2241,1,,,0.1388,0.2021,Full-time,Debt Consolidation,0
42371.9,26017.32,739,0.0574,0,81.6,5.7,0.1571,0.1471,Full-time,Home Improvement,0
41663.29,7180.87,666,0.3095,0,75.9,2.5,0.0948,0.0765,Full-time,Debt Consolidation,0
42933.32,29132.92,660,0.1117,0,89.2,6.1,0.1816,0.259,Self-employed,Education,0
35915.33,28732.26,707,0.0554,1,71.8,3.5,0.2365,0.2665,Full-time,Debt Consolidation,1
21838.76,17471.01,599,0.3898,0,64.6,6.0,0.3205,0.2402,Full-time,Debt Consolidation,0
102095.65,11059.34,661,0.2335,1,64.8,5.0,0.0542,0.05,Full-time,Debt Consolidation,0
54773.11,43818.49,608,0.3546,0,69.8,4.6,0.2386,0.2106,Self-employed,Home Improvement,0
56758.3,19060.96,668,0.1573,0,55.7,2.1,0.1006,0.1622,Self-employed,Debt Consolidation,0
115538.66,60684.62,706,0.2036,0,100.0,7.2,0.1387,0.1259,Full-time,Home Improvement,0
51966.45,13363.69,736,0.3416,0,99.9,11.6,0.1091,0.0646,Full-time,Debt Consolidation,0
72795.39,9989.17,743,0.2979,0,75.4,4.7,0.0624,0.05,Full-time,Debt Consolidation,0
17707.47,12240.67,593,0.5023,0,75.5,12.1,0.3701,0.1731,Self-employed,Debt Consolidation,0
33568.28,8264.83,618,0.2758,0,66.2,3.4,0.1183,0.1272,Full-time,Debt Consolidation,0
25720.47,20576.37,574,0.3195,0,,,0.2814,0.1829,Full-time,Major Purchase,0
71697.52,27671.43,731,0.0187,1,73.6,5.6,0.1112,0.2108,Full-time,Debt Consolidation,0
38989.61,12445.07,681,0.2642,1,57.8,3.9,0.1562,0.138,Full-time,Major Purchase,0
65102.89,20180.73,737,0.372,0,84.0,5.6,0.1155,0.0937,Full-time,Education,0
63067.4,5191.66,696,0.286,1,65.1,2.3,0.0714,0.05,Full-time,Major Purchase,0
52469.99,41976.0,745,0.29,1,88.0,6.4,0.2547,0.1824,Full-time,Home Improvement,0
46509.5,16619.78,510,0.0517,0,51.1,7.7,0.0938,0.0887,Self-employed,Home Improvement,0
26318.7,21054.96,664,0.0423,1,80.5,22.4,0.2492,0.1987,Full-time,Major Purchase,0
72155.49,20171.34,808,0.4239,0,78.3,17.4,0.1094,0.1572,Full-time,Debt Consolidation,0
43454.33,3754.37,772,0.2797,1,100.0,1.3,0.0947,0.05,Full-time,Debt Consolidation,0
53125.56,42500.45,617,0.1389,0,74.6,0.9,0.2108,0.1883,Full-time,Major Purchase,0
133495.43,12448.61,630,0.1088,0,52.6,4.1,0.0282,0.05,Full-time,Debt Consolidation,0
76790.77,2215.73,748,0.3833,1,100.0,2.3,0.0585,0.05,Full-time,Debt Consolidation,0
46403.63,12706.25,764,0.3466,2,100.0,6.6,0.1712,0.0832,Full-time,Debt Consolidation,0
29753.48,23802.78,702,0.309,1,89.2,13.6,0.3071,0.2756,Part-time,Education,0
73106.78,7869.32,631,0.3066,1,40.9,2.8,0.0724,0.05,Full-time,Major Purchase,0
69923.91,13490.23,581,0.3198,1,31.6,4.9,0.0964,0.05,Full-time,Home Improvement,1
68713.68,54970.94,662,0.6546,0,61.8,7.4,0.2606,0.2969,Full-time,Education,0
21578.63,2706.48,598,0.269,0,,,0.1198,0.0781,Full-time,Debt Consolidation,1
81437.04,19267.2,724,0.1624,0,91.6,5.8,0.0711,0.0591,Unemployed,Home Improvement,0
60432.51,34543.98,640,0.5916,0,52.9,12.0,0.2077,0.1661,Full-time,Debt Consolidation,0
214227.56,60626.19,584,0.3436,1,67.4,11.2,0.0851,0.1101,Full-time,Debt Consolidation,0
31848.72,25478.98,794,0.2733,1,100.0,5.9,0.2915,0.2123,Full-time,Debt Consolidation,0
78961.64,11464.6,728,0.1876,0,91.4,4.0,0.052,0.074,Self-employed,Major Purchase,0
102533.09,15754.08,677,0.3228,0,80.4,2.6,0.0595,0.0689,Self-employed,Debt Consolidation,0
168133.54,41372.69,669,0.3861,1,69.6,5.5,0.0827,0.0871,Full-time,Education,1
34605.59,27684.47,608,0.3892,0,36.6,14.5,0.273,0.2741,Full-time,Debt Consolidation,1
24462.93,19570.35,552,0.5715,1,57.3,8.1,0.4093,0.4047,Self-employed,Major Purchase,1
25029.31,9891.18,607,0.2398,1,66.7,3.9,0.2118,0.1525,Full-time,Debt Consolidation,0
53267.26,41089.61,614,0.1878,0,54.1,2.0,0.2105,0.3588,Full-time,Debt Consolidation,0
18693.29,14954.63,626,0.4637,0,85.2,4.7,0.3706,0.2016,Full-time,Debt Consolidation,0
41586.9,5830.25,697,0.5526,0,54.4,3.3,0.1293,0.05,Full-time,Debt Consolidation,0
33590.54,8125.5,653,0.3173,0,86.4,5.6,0.1261,0.1458,Full-time,Major Purchase,0
59221.5,3638.59,775,0.5632,1,85.7,5.4,0.1035,0.05,Self-employed,Home Improvement,0
43289.42,34631.53,641,0.3737,0,70.1,4.7,0.2542,0.3328,,Business,0
40248.26,14470.83,620,0.1312,0,69.3,7.9,0.1098,0.1643,Full-time,Major Purchase,0
44290.77,3150.05,773,0.4568,2,85.2,2.6,0.1455,0.05,Part-time,Education,0
17868.94,5943.72,677,0.3323,0,60.9,6.7,0.2137,0.0985,Full-time,Debt Consolidation,1
43537.7,3320.39,683,0.593,0,61.1,6.2,0.1164,0.05,Full-time,Debt Consolidation,0
46922.02,18607.05,740,0.5588,1,92.2,5.6,0.2065,0.097,Full-time,Debt Consolidation,0
124974.4,18111.87,748,0.3273,1,100.0,7.0,0.0632,0.0834,Full-time,Home Improvement,0
41431.2,33144.96,547,0.1054,0,63.3,5.0,0.2103,0.195,Self-employed,Major Purchase,0
73826.28,25301.97,620,0.2903,0,,,0.1106,0.1578,Full-time,Business,1
104237.85,40985.19,619,0.4267,1,40.3,4.1,0.1353,0.118,Part-time,Education,1
52541.42,4007.14,520,0.4715,1,76.6,7.4,0.1058,0.05,Unemployed,Debt Consolidation,1
26104.2,14510.31,740,0.147,0,72.3,6.3,0.1739,0.1316,Full-time,Debt Consolidation,0
64637.93,20320.19,542,0.1926,1,51.6,3.1,0.1155,0.1381,Full-time,Debt Consolidation,1
98107.29,3750.04,749,0.2442,1,67.7,8.6,0.0393,0.05,Full-time,Debt Consolidation,0
47767.76,7808.47,722,0.2376,0,62.6,7.0,0.075,0.0765,Part-time,Debt Consolidation,0
48222.17,13610.14,650,0.1697,1,81.6,9.8,0.118,0.1437,Full-time,Debt Consolidation,0
74142.12,30743.74,648,0.4595,3,75.1,3.7,0.1927,0.2172,Full-time,Debt Consolidation,1
25161.42,20129.13,788,0.7055,0,84.4,5.5,0.3939,0.2423,Part-time,Home Improvement,0
89418.74,9108.93,709,0.289,1,63.3,5.3,0.0611,0.05,Full-time,Debt Consolidation,0
43001.15,34400.92,598,0.1204,1,79.5,6.0,0.2401,0.2586,Self-employed,Debt Consolidation,0
67538.62,7785.23,581,0.3232,0,72.8,2.5,0.0621,0.05,Full-time,Debt Consolidation,0
53320.75,10132.71,583,0.3092,0,49.2,5.7,0.0874,0.108,Full-time,Business,0
44473.81,17109.98,796,0.531,2,82.9,4.0,0.2323,0.1366,Full-time,Debt Consolidation,0
76834.83,8331.68,628,0.4515,1,82.6,8.7,0.0839,0.0508,Full-time,Debt Consolidation,0
33674.14,18771.02,565,0.4402,0,57.5,4.2,0.2279,0.1907,Full-time,Education,1
45793.49,25655.75,789,0.2059,0,89.1,9.7,0.1668,0.2929,Full-time,Debt Consolidation,0
67077.37,53661.89,677,0.414,0,68.5,7.3,0.2364,0.2386,Part-time,Business,0
58073.57,9866.59,584,0.0409,1,63.8,3.0,0.0665,0.094,Unemployed,Debt Consolidation,1
27339.73,21871.78,748,0.2538,2,89.9,2.8,0.3466,0.182,Full-time,Debt Consolidation,0
47128.85,5567.77,712,0.0723,0,80.0,5.0,0.0394,0.0685,Full-time,Major Purchase,0
88306.94,3718.77,622,0.2271,1,40.1,9.7,0.0422,0.05,Full-time,Debt Consolidation,0
64137.08,22251.93,542,0.5184,0,63.6,6.7,0.1415,0.1631,Part-time,Debt Consolidation,1
63778.74,29455.6,537,0.1411,0,63.5,7.4,0.1268,0.1332,Full-time,Debt Consolidation,0
51530.89,3553.69,761,0.3058,1,93.3,10.6,0.0826,0.05,Full-time,Education,0
36198.58,28958.86,611,0.0976,0,97.4,5.5,0.2114,0.3726,Full-time,Home Improvement,0
25569.35,4413.61,726,0.3831,0,76.1,5.5,0.1493,0.0681,Part-time,Debt Consolidation,0
105182.02,6179.22,689,0.4281,0,91.4,4.6,0.0434,0.05,Full-time,Home Improvement,0
34547.74,2697.18,680,0.5209,0,60.8,10.6,0.1273,0.05,Full-time,Education,0
47151.67,4251.41,597,0.368,0,86.5,5.1,0.0778,0.05,Full-time,Debt Consolidation,1
59369.67,8597.1,646,0.3549,0,62.3,3.4,0.0778,0.0657,Full-time,Home Improvement,0
54742.47,15306.53,758,0.5218,1,62.1,10.3,0.1577,0.1391,Full-time,Education,0
70071.61,7877.99,765,0.2429,1,100.0,7.1,0.0691,0.05,Full-time,Debt Consolidation,0
93687.53,12269.65,741,0.3696,0,96.1,10.4,0.0598,0.05,Full-time,Debt Consolidation,0
40441.11,31106.65,615,0.6259,2,69.1,3.3,0.3554,0.2348,Self-employed,Business,1
37355.28,7475.95,850,0.189,0,100.0,6.3,0.0845,0.0647,Part-time,Home Improvement,0
122793.4,6329.76,638,0.4,0,61.2,9.3,0.0358,0.05,Self-employed,Business,0
88680.25,20056.16,749,0.269,0,71.9,11.6,0.0761,0.1314,Full-time,Business,0
47957.57,4941.67,471,0.2171,0,31.9,2.3,0.0573,0.05,Full-time,Education,1
56484.23,38625.05,662,0.5328,1,73.3,13.4,0.2533,0.17,Full-time,Debt Consolidation,0
63676.32,5241.64,592,0.2238,0,74.5,2.6,0.0451,0.05,Full-time,Major Purchase,0
81431.65,12564.95,527,0.401,1,37.9,3.6,0.0872,0.0509,Self-employed,Debt Consolidation,1
35718.71,28574.97,685,0.1814,1,91.7,3.4,0.2622,0.235,Self-employed,Education,0
52523.09,39083.27,605,0.328,0,61.4,11.2,0.2236,0.1862,Full-time,Home Improvement,0
21824.35,5183.19,629,0.3212,2,52.7,7.6,0.2729,0.0897,Full-time,Debt Consolidation,1
19356.77,7000.75,718,0.2723,1,73.2,13.4,0.2501,0.0949,Full-time,Home Improvement,0
122492.85,21761.74,634,0.1684,0,52.0,5.1,0.0525,0.0574,Part-time,Home Improvement,0
62123.58,14536.73,686,0.4363,2,91.8,9.8,0.1454,0.0572,Full-time,Debt Consolidation,0
70701.53,47092.37,616,0.4033,0,60.5,9.1,0.2009,0.2589,Full-time,Home Improvement,0
52412.44,4652.85,708,0.339,0,100.0,3.9,0.0679,0.05,Part-time,Debt Consolidation,0
38313.85,28381.8,801,0.2085,1,96.3,4.0,0.2483,0.1939,Unemployed,Debt Consolidation,0
51005.78,3032.57,607,0.2673,1,52.4,5.4,0.0755,0.05,Full-time,Home Improvement,1
56072.49,19994.68,525,0.1179,1,65.6,6.6,0.1221,0.0966,Self-employed,Education,0
82451.92,3793.1,634,0.351,0,59.0,10.3,0.0417,0.05,,Debt Consolidation,0
43661.62,2086.73,758,0.1913,1,99.9,10.0,0.0705,0.05,,Business,0
262381.6,12931.41,721,0.6961,0,73.2,4.8,0.0309,0.05,Full-time,Debt Consolidation,0
34822.49,27857.99,583,0.2944,0,14.2,4.3,0.2529,0.4155,Full-time,Education,1
24662.62,5920.88,690,0.4736,1,78.4,2.9,0.2445,0.0813,Full-time,Debt Consolidation,0
40536.21,11083.69,659,0.1095,1,73.0,0.4,0.1147,0.068,Full-time,Business,0
54718.91,2633.18,559,0.3162,0,67.2,3.8,0.0532,0.05,Full-time,Debt Consolidation,0
52798.54,19654.67,594,0.2268,0,35.7,5.4,0.1203,0.1202,Full-time,Education,0
79768.7,63814.96,850,0.1486,2,83.3,12.7,0.2355,0.2381,Full-time,Education,0
83939.36,67151.49,675,0.1412,0,88.5,8.7,0.2041,0.2156,Full-time,Debt Consolidation,0
77600.33,38562.27,596,0.4004,1,75.9,2.2,0.1719,0.1441,Self-employed,Debt Consolidation,0
62242.82,3834.26,629,0.0903,2,66.6,11.2,0.0638,0.05,Full-time,Debt Consolidation,0
59415.57,7728.95,568,0.2413,0,51.3,4.7,0.0605,0.05,Full-time,Major Purchase,0
16192.41,4465.28,612,0.2509,0,63.6,7.8,0.1777,0.079,Part-time,Major Purchase,0
30647.71,19958.74,628,0.2868,0,41.0,5.5,0.2237,0.2365,Full-time,Education,0
50146.54,40117.24,612,0.3416,0,70.5,5.6,0.241,0.2987,Unemployed,Home Improvement,0
52169.7,30119.95,588,0.6061,0,67.8,3.8,0.2222,0.2913,Full-time,Debt Consolidation,1
38307.48,8856.35,633,0.2213,1,78.5,7.5,0.1284,0.0576,Full-time,Business,0
105861.76,5710.61,708,0.2901,0,80.2,7.3,0.0327,0.05,Full-time,Debt Consolidation,0
64150.11,13988.66,522,0.1221,0,41.6,2.3,0.066,0.0688,Full-time,Debt Consolidation,0
30560.06,24448.05,578,0.5767,0,37.3,12.5,0.3279,0.2533,Full-time,Debt Consolidation,1
53611.41,14607.51,626,0.5366,0,65.9,7.4,0.1375,0.1016,Full-time,Home Improvement,0
189843.33,9893.31,686,0.1321,0,54.0,9.4,0.0175,0.05,Full-time,Debt Consolidation,0
19116.3,15293.04,572,0.0792,1,90.3,7.4,0.2846,0.2376,Full-time,Education,0
59941.8,3682.71,624,0.1732,0,48.4,6.9,0.0355,0.05,Full-time,Home Improvement,0
53939.76,7785.63,669,0.1159,0,36.0,5.1,0.0501,0.05,Full-time,Business,0
76908.65,61526.92,606,0.219,0,54.9,3.7,0.2125,0.2123,Full-time,Debt Consolidation,0
76226.2,26953.97,577,0.2296,1,60.2,8.1,0.1223,0.0959,Full-time,Home Improvement,0
184297.46,25590.63,785,0.0547,0,100.0,3.6,0.0355,0.05,Part-time,Debt Consolidation,0
23363.73,12090.76,721,0.5684,1,57.5,1.7,0.3507,0.2428,Unemployed,Debt Consolidation,1
40955.77,16847.52,571,0.1686,1,44.1,8.5,0.1577,0.1713,Full-time,Home Improvement,0
58897.03,47117.63,650,0.1339,1,60.0,1.1,0.2287,0.2575,Full-time,Debt Consolidation,0
95379.7,29320.18,741,0.2386,0,100.0,1.5,0.0918,0.0741,Full-time,Debt Consolidation,0
54170.05,14936.96,562,0.3728,0,,,0.1157,0.1167,Part-time,Debt Consolidation,0
71569.79,11802.94,695,0.3894,0,100.0,10.3,0.0788,0.0672,Part-time,Major Purchase,0
80240.79,14175.66,584,0.7098,0,66.5,7.4,0.1061,0.054,Full-time,Debt Consolidation,0
61463.43,32429.56,660,0.2279,1,71.4,2.1,0.1729,0.2635,Full-time,Debt Consolidation,0
32502.36,26001.89,714,0.1786,0,88.1,3.7,0.2316,0.2372,Full-time,Home Improvement,0
28655.74,2506.62,639,0.325,0,100.0,2.7,0.1027,0.05,Full-time,Business,0
92113.78,10585.72,672,0.2904,0,77.1,3.6,0.0503,0.05,Unemployed,Education,0
55789.57,44631.66,654,0.0987,2,76.1,4.0,0.2478,0.2089,,Debt Consolidation,0
86086.32,18998.32,716,0.4757,0,97.7,5.5,0.0928,0.0546,Full-time,Debt Consolidation,0
47443.58,33456.72,692,0.3619,0,41.3,5.9,0.2242,0.1935,Full-time,Education,0
71067.11,19637.08,656,0.0411,1,50.0,4.5,0.0874,0.0783,Full-time,Debt Consolidation,0
65735.95,52588.76,552,0.0652,0,64.6,3.6,0.1991,0.3182,Full-time,Major Purchase,0
19057.01,15245.61,682,0.1076,0,87.1,6.5,0.2326,0.287,Part-time,Debt Consolidation,0
49986.56,39089.46,595,0.2334,0,65.7,5.3,0.2213,0.2482,Part-time,Debt Consolidation,0
47699.32,38159.46,748,0.0669,0,88.7,1.7,0.2021,0.2158,Full-time,Debt Consolidation,0
44872.55,24605.49,783,0.3936,0,55.9,7.7,0.1948,0.1301,Full-time,Home Improvement,0
53453.9,42763.12,715,0.3051,0,74.4,4.6,0.2331,0.2004,Full-time,Debt Consolidation,0
37345.49,7253.41,687,0.2623,1,78.5,9.5,0.1293,0.0699,Self-employed,Home Improvement,0
73033.77,45477.68,566,0.3605,0,72.8,10.9,0.185,0.1772,Full-time,Home Improvement,0
85622.42,8464.12,707,0.6003,0,100.0,4.3,0.0742,0.05,Part-time,Education,0
44724.03,19225.85,701,0.0596,0,100.0,6.7,0.1128,0.2388,Self-employed,Home Improvement,0
53201.72,20048.13,563,0.3855,0,81.9,5.8,0.1426,0.0989,,Major Purchase,0
46727.86,35320.83,748,0.3616,1,100.0,4.2,0.2628,0.3613,Part-time,Debt Consolidation,0
195615.32,8026.72,621,0.1249,2,72.7,13.0,0.0267,0.05,Full-time,Debt Consolidation,0
147434.29,16819.11,658,0.3585,1,91.5,9.6,0.053,0.05,Part-time,Education,0
78058.36,16541.93,690,0.5487,1,91.8,7.7,0.1168,0.0653,Full-time,Business,0
43006.91,10829.0,620,0.1316,0,43.8,5.9,0.0825,0.1021,,Education,0
41262.79,32921.19,672,0.1118,0,62.3,7.1,0.211,0.1817,Full-time,Debt Consolidation,0
32737.63,2880.82,623,0.0183,0,55.7,3.1,0.0252,0.05,Self-employed,Debt Consolidation,0
19377.63,15502.1,718,0.3948,0,56.5,6.0,0.3387,0.2096,Part-time,Major Purchase,0
18213.42,3386.69,600,0.5382,1,75.7,11.5,0.3233,0.0574,Part-time,Business,1
104574.92,44742.71,669,0.4093,1,63.4,5.0,0.1423,0.1585,Full-time,Debt Consolidation,0
79332.62,50431.63,533,0.0936,0,48.3,3.8,0.1611,0.1715,Full-time,Home Improvement,0
46169.67,36935.74,767,0.4189,0,60.7,9.8,0.2573,0.1887,Self-employed,Debt Consolidation,1
39772.42,7689.13,689,0.4455,1,58.0,2.2,0.1572,0.0536,Full-time,Debt Consolidation,0
42088.68,7061.79,597,0.3588,1,59.9,3.6,0.1302,0.0513,Full-time,Business,0
91106.72,5548.86,728,0.0951,1,77.5,1.2,0.0353,0.05,Full-time,Debt Consolidation,0
23796.98,19037.58,719,0.3808,0,79.1,5.4,0.3072,0.2252,Full-time,Education,0
28735.7,2315.88,480,0.4777,0,43.3,9.9,0.139,0.05,Full-time,Business,1
40079.55,30627.89,779,0.1742,0,100.0,9.6,0.2147,0.337,Full-time,Debt Consolidation,0
107595.07,2406.45,723,0.2311,1,60.7,2.4,0.032,0.05,Full-time,Business,0
109206.27,21094.6,743,0.3548,0,72.3,5.8,0.0698,0.0516,Full-time,Home Improvement,0
63958.8,5354.29,632,0.3547,2,75.1,3.7,0.0975,0.05,Full-time,Home Improvement,0
54082.16,43265.73,653,0.7965,2,80.3,3.4,0.3424,0.2551,Full-time,Debt Consolidation,0
174064.62,61077.7,605,0.0928,1,50.1,4.2,0.0949,0.1252,Full-time,Debt Consolidation,0
44951.5,7287.13,603,0.2268,1,69.2,3.2,0.1019,0.05,Full-time,Home Improvement,0
115724.44,10957.87,850,0.4013,0,96.4,5.1,0.0477,0.0501,Full-time,Debt Consolidation,0
93797.33,33663.26,689,0.4683,0,86.4,3.7,0.1221,0.0956,Full-time,Major Purchase,0
32464.06,25971.25,662,0.3768,0,73.9,2.4,0.2756,0.3672,Full-time,Debt Consolidation,0
38192.46,3306.67,634,0.1371,0,89.3,5.2,0.0466,0.0512,Full-time,Debt Consolidation,0
32323.18,14590.31,551,0.3025,1,51.8,4.5,0.2129,0.1792,Full-time,Home Improvement,1
108892.26,14976.29,760,0.2028,1,51.4,3.3,0.0574,0.05,Full-time,Debt Consolidation,0
40165.32,28716.92,664,0.3991,0,78.5,11.4,0.2431,0.3615,Full-time,Debt Consolidation,0
34550.68,27640.55,705,0.426,0,84.6,10.8,0.2808,0.2951,Full-time,Debt Consolidation,1
56240.19,42743.9,594,0.5814,0,74.9,4.4,0.2568,0.3395,Full-time,Home Improvement,0
27909.03,2545.93,659,0.2265,0,88.2,2.2,0.0803,0.05,Full-time,Home Improvement,0
86477.7,13581.3,764,0.5008,0,93.6,3.0,0.0794,0.0817,Full-time,Debt Consolidation,0
94000.5,17429.44,613,0.215,0,70.2,5.5,0.061,0.0527,Full-time,Business,0
51532.88,2326.45,615,0.2481,1,27.8,1.6,0.0688,0.05,Full-time,Debt Consolidation,1
185548.39,6547.22,755,0.3605,2,,,0.0354,0.05,Unemployed,Major Purchase,0
83150.82,12186.93,636,0.3328,1,65.1,2.5,0.0784,0.0573,Self-employed,Home Improvement,0
73286.37,10785.27,630,0.3865,0,70.0,5.0,0.0733,0.05,Full-time,Business,0
33290.49,20795.48,653,0.4584,0,69.8,2.6,0.2491,0.3409,Full-time,Home Improvement,0
44050.46,22242.05,664,0.1212,0,67.5,2.9,0.141,0.1479,Part-time,Home Improvement,0
70787.97,56630.38,626,0.4023,0,62.3,6.9,0.2329,0.2527,Full-time,Home Improvement,0
89186.33,22759.15,763,0.3404,1,91.3,2.0,0.1022,0.1266,Part-time,Debt Consolidation,0
58268.36,3170.31,733,0.4049,0,82.7,3.0,0.0631,0.05,Full-time,Business,0
64005.87,13986.92,667,0.448,0,55.5,8.6,0.1028,0.0976,Full-time,Debt Consolidation,0
62443.29,16539.0,637,0.2662,1,36.6,8.7,0.1135,0.0875,Full-time,Home Improvement,0
49612.92,39690.33,647,0.1304,1,76.5,10.4,0.2351,0.3265,Full-time,Debt Consolidation,0
83026.13,45106.17,671,0.5559,2,78.5,5.1,0.2075,0.1666,Full-time,Home Improvement,0
65669.18,36635.08,666,0.2358,0,72.8,9.5,0.1597,0.2537,Full-time,Debt Consolidation,0
22354.16,9065.67,654,0.0611,1,100.0,2.2,0.1707,0.2186,Full-time,Home Improvement,0
52564.47,38882.25,604,0.2784,0,66.8,10.8,0.2157,0.3244,Full-time,Debt Consolidation,0
46793.6,37434.88,772,0.1548,1,100.0,3.5,0.2415,0.3181,Full-time,Education,0
62412.69,14924.96,633,0.3371,0,66.2,9.3,0.0963,0.1166,Full-time,Business,0
96181.21,17303.9,693,0.313,0,84.1,1.8,0.0666,0.0915,Full-time,Major Purchase,0
85579.11,20284.63,697,0.0934,3,78.3,4.4,0.1068,0.0611,Full-time,Business,0
91816.79,50445.3,604,0.3084,1,83.9,8.4,0.1691,0.158,Part-time,Home Improvement,0
42338.33,33870.66,665,0.2337,0,93.1,1.7,0.2317,0.2237,Full-time,Business,0
83677.81,8239.62,630,0.3174,0,60.5,11.8,0.0509,0.05,Full-time,Business,1
48835.94,18445.15,727,0.5199,1,71.7,2.4,0.1919,0.1084,Full-time,Education,0
50173.71,18715.7,544,0.3975,1,60.2,2.2,0.1705,0.095,Full-time,Debt Consolidation,1
59442.92,5263.32,729,0.0996,1,80.7,8.5,0.0535,0.05,Full-time,Business,0
60814.65,21260.49,668,0.0864,1,81.2,6.3,0.1139,0.1515,Full-time,Business,0
50091.87,6245.73,664,0.1543,1,65.8,7.1,0.0761,0.05,Full-time,Debt Consolidation,1
40506.65,11902.67,630,0.1779,0,,,0.1021,0.0834,Unemployed,Debt Consolidation,0
109232.68,23302.31,648,0.2066,1,55.1,4.2,0.0758,0.0989,Full-time,Debt Consolidation,0
52811.98,42249.58,810,0.1783,0,100.0,0.3,0.2163,0.1906,Full-time,Home Improvement,1
55513.14,44410.51,646,0.0613,0,68.7,0.8,0.1999,0.2227,Full-time,Debt Consolidation,0
41657.66,11880.74,614,0.2409,0,95.3,3.7,0.1101,0.0841,Full-time,Debt Consolidation,0
29415.88,8943.81,631,0.0894,0,55.2,5.7,0.0948,0.1569,Full-time,Debt Consolidation,0
29912.49,17351.19,695,0.7739,1,78.3,1.3,0.3656,0.2627,Full-time,Business,1
38086.31,15357.52,583,0.5194,0,58.0,3.9,0.195,0.0997,Full-time,Education,0
16917.84,9013.17,701,0.1413,0,71.1,4.1,0.188,0.1807,Part-time,Home Improvement,0
28782.71,6356.61,670,0.506,1,82.3,2.7,0.2213,0.0784,Part-time,Major Purchase,0
24690.6,6360.96,674,0.4163,0,99.2,5.3,0.1832,0.1004,Full-time,Home Improvement,0
53805.01,7985.54,705,0.2433,0,92.1,12.0,0.0682,0.085,Full-time,Major Purchase,0
82256.93,3079.14,587,0.0761,0,66.1,6.1,0.0156,0.05,Full-time,Major Purchase,0
38008.06,7024.48,637,0.0472,0,83.6,9.9,0.0533,0.069,Part-time,Debt Consolidation,0
76726.2,61380.96,701,0.1251,0,89.5,6.4,0.2037,0.2501,Full-time,Major Purchase,0
35435.82,2812.82,719,0.2951,0,66.4,3.7,0.079,0.05,Full-time,Business,0
28276.86,2056.9,740,0.655,0,87.3,5.9,0.1842,0.05,Full-time,Education,0
59595.52,22416.76,707,0.3013,0,57.4,4.8,0.1267,0.1742,Full-time,Education,0
52471.02,6412.24,750,0.1272,0,96.3,7.2,0.0468,0.05,Full-time,Debt Consolidation,0
41072.45,8770.86,681,0.2198,0,66.4,1.4,0.0898,0.0624,Full-time,Debt Consolidation,0
24097.19,9440.6,637,0.5012,0,67.5,5.9,0.2438,0.16,Full-time,Debt Consolidation,0
35206.41,28165.13,661,0.3819,0,69.1,3.9,0.2701,0.1841,Self-employed,Home Improvement,0
94822.51,14375.37,575,0.3774,0,80.9,7.4,0.065,0.0608,Part-time,Debt Consolidation,0
54020.58,34194.28,489,0.0715,0,53.8,4.6,0.1615,0.148,Full-time,Education,0
46605.48,37284.38,627,0.2073,2,51.2,12.3,0.2755,0.2796,Full-time,Debt Consolidation,1
39310.96,3005.31,724,0.222,1,68.6,11.4,0.0895,0.05,Full-time,Debt Consolidation,0
21302.74,3805.38,598,0.1021,0,68.6,4.7,0.0774,0.0561,Self-employed,Education,0
59700.78,21756.78,728,0.2112,0,94.4,6.5,0.1129,0.1086,Full-time,Major Purchase,0
56717.5,45374.0,567,0.0539,0,62.7,9.9,0.1988,0.2314,Full-time,Education,0
45790.53,7094.39,650,0.4022,0,59.4,4.7,0.1004,0.0622,Full-time,Debt Consolidation,0
50236.55,19245.48,687,0.2321,1,80.0,7.8,0.1491,0.128,Self-employed,Education,0
32254.24,4859.36,691,0.2284,0,87.1,10.8,0.0871,0.0538,Full-time,Debt Consolidation,0
26265.92,21012.74,646,0.2291,1,69.3,9.1,0.3005,0.3886,Full-time,Home Improvement,0
83229.71,8850.29,651,0.1448,0,77.3,9.5,0.0381,0.05,Full-time,Debt Consolidation,1
35802.68,12430.51,637,0.167,0,57.0,2.6,0.1169,0.1303,Part-time,Education,0
22484.71,2918.58,658,0.3625,2,65.7,3.7,0.254,0.05,Self-employed,Home Improvement,1
41765.86,16089.04,607,0.4018,0,75.9,4.0,0.1617,0.1473,Full-time,Debt Consolidation,0
72624.86,22471.06,648,0.25,0,68.7,3.4,0.099,0.0945,Full-time,Home Improvement,1
33901.91,27121.53,695,0.3193,0,61.8,2.0,0.2598,0.396,Full-time,Education,0
72631.38,44227.39,721,0.2126,0,91.5,3.8,0.1672,0.1893,Full-time,Home Improvement,0
45781.27,6776.47,619,0.1275,0,75.2,12.9,0.0556,0.0542,Full-time,Debt Consolidation,0
89523.1,22052.59,701,0.4123,1,85.9,8.5,0.1057,0.1437,Full-time,Debt Consolidation,0
42307.4,26526.82,595,0.1409,1,68.3,5.0,0.2028,0.1879,Full-time,Debt Consolidation,0
56320.84,2938.1,646,0.3333,0,67.8,4.0,0.0551,0.05,Full-time,Debt Consolidation,0
108160.68,38888.02,675,0.2573,0,79.5,9.8,0.1034,0.1524,Full-time,Home Improvement,0
68621.2,32520.49,678,0.1122,1,50.1,8.1,0.143,0.1263,Full-time,Debt Consolidation,0
99121.95,3748.88,680,0.0635,1,83.0,2.5,0.0258,0.05,Full-time,Home Improvement,0
66666.11,22328.88,698,0.1833,1,94.1,10.4,0.1182,0.0829,Full-time,Education,0
28531.5,22825.2,700,0.4588,2,92.7,6.9,0.3919,0.3435,Part-time,Debt Consolidation,0
31743.71,12713.27,809,0.5002,0,95.7,2.9,0.2096,0.1065,Part-time,Debt Consolidation,0
36039.65,28831.72,620,0.2035,1,67.2,3.6,0.266,0.1954,Full-time,Debt Consolidation,0
66646.21,42213.03,823,0.1748,0,100.0,7.4,0.1709,0.1597,Full-time,Debt Consolidation,0
61224.25,48979.4,682,0.2263,3,73.1,4.0,0.2774,0.3352,Full-time,Debt Consolidation,1
46659.96,37327.97,737,0.1485,0,100.0,6.9,0.2149,0.3548,Full-time,Debt Consolidation,0
56434.86,6175.85,806,0.3341,0,100.0,1.1,0.0689,0.0557,Full-time,Debt Consolidation,0
36539.07,29231.26,660,0.0867,0,52.7,7.8,0.2091,0.2875,Full-time,Major Purchase,0
32384.59,7312.81,639,0.3445,0,70.3,2.7,0.1308,0.0914,Full-time,Major Purchase,0
43938.44,35150.76,735,0.2678,1,76.6,0.8,0.2632,0.3436,Full-time,Business,0
72485.98,39918.23,621,0.2309,1,66.1,5.3,0.1717,0.1701,Part-time,Debt Consolidation,0
24836.67,10592.53,638,0.1744,0,82.1,1.6,0.1529,0.1017,Full-time,Business,0
29037.22,10051.36,740,0.4778,1,73.9,13.3,0.2429,0.0936,Full-time,Debt Consolidation,0
39770.21,2043.83,628,0.1633,0,,,0.0419,0.05,Full-time,Home Improvement,0
33192.9,26554.32,637,0.0682,2,98.6,6.8,0.2791,0.256,Full-time,Business,0
22767.31,17298.45,747,0.0406,1,82.4,6.8,0.2479,0.3289,Full-time,Debt Consolidation,0
46185.96,16449.38,739,0.4346,0,100.0,4.9,0.1532,0.0919,Self-employed,Debt Consolidation,0
97951.95,15031.55,849,0.1059,2,100.0,4.7,0.0691,0.0507,Full-time,Debt Consolidation,0
34663.5,27730.8,747,0.6412,0,98.6,1.7,0.3252,0.3582,Full-time,Debt Consolidation,0
93115.64,14328.78,730,0.0764,0,90.7,5.3,0.0428,0.0966,Full-time,Business,0
22125.19,5844.99,684,0.4617,0,89.3,4.6,0.2137,0.0643,Part-time,Debt Consolidation,0
65924.48,6385.86,730,0.1707,0,77.7,8.2,0.0419,0.05,Full-time,Home Improvement,0
37191.7,11873.38,521,0.3335,0,31.0,7.8,0.1412,0.0779,Unemployed,Home Improvement,1
54521.9,6748.24,572,0.3202,0,58.9,9.6,0.072,0.05,Full-time,Debt Consolidation,0
42025.19,7913.96,660,0.3972,2,67.8,4.9,0.1704,0.0599,Full-time,Debt Consolidation,0
35732.25,23958.92,636,0.2349,0,60.3,3.9,0.2083,0.1956,Full-time,Education,0
19111.64,11363.67,651,0.2275,1,55.2,15.6,0.2912,0.2517,Full-time,Home Improvement,0
51451.65,10433.04,700,0.4725,0,74.3,3.5,0.1148,0.05,Full-time,Home Improvement,0
45499.64,17185.44,728,0.2063,1,85.1,11.3,0.1497,0.1822,Full-time,Debt Consolidation,0
45831.76,19824.78,624,0.2771,0,85.8,4.1,0.1473,0.1892,Full-time,Debt Consolidation,0
66242.28,2087.34,644,0.2407,1,59.4,9.1,0.0518,0.05,Full-time,Home Improvement,0
58429.05,19303.47,676,0.4793,0,57.6,11.1,0.1383,0.1206,Full-time,Home Improvement,0
96434.73,2796.9,632,0.3422,0,43.2,10.6,0.0325,0.05,Full-time,Business,0
20012.57,15087.43,758,0.5069,1,100.0,7.1,0.4233,0.179,Full-time,Debt Consolidation,0
55628.85,5236.59,575,0.5424,0,57.6,8.7,0.0928,0.05,Part-time,Debt Consolidation,0
27238.45,4742.98,719,0.4963,2,78.2,4.3,0.2611,0.0591,Full-time,Debt Consolidation,0
63681.5,50945.2,553,0.3129,0,46.5,6.0,0.2274,0.2056,Self-employed,Home Improvement,1
31733.82,7372.73,549,0.2834,0,81.3,10.0,0.1201,0.0897,Part-time,Education,0
53471.91,28118.13,573,0.3249,1,62.3,3.4,0.1924,0.1672,Full-time,Business,1
27910.69,2223.53,708,0.3147,1,100.0,4.0,0.1433,0.05,Unemployed,Education,0
47774.89,16079.65,592,0.3861,4,100.0,8.7,0.2394,0.1251,Full-time,Debt Consolidation,1
32616.18,11871.03,645,0.4072,0,43.8,9.6,0.1772,0.1526,Full-time,Home Improvement,0
26515.04,5322.12,651,0.4869,0,40.9,1.5,0.1804,0.0996,Self-employed,Business,1
108674.42,12415.17,682,0.4005,0,100.0,3.8,0.054,0.0715,Full-time,Home Improvement,0
120332.57,17636.17,639,0.2005,0,52.5,2.3,0.0472,0.0907,Part-time,Education,0
59421.24,13001.7,551,0.1853,1,63.4,3.2,0.0952,0.0745,Full-time,Home Improvement,0
37005.35,29604.28,653,0.0765,0,83.5,8.1,0.2069,0.2564,Full-time,Home Improvement,0
76631.05,39087.58,724,0.1105,0,,,0.1328,0.1934,Full-time,Major Purchase,0
68744.52,54995.62,715,0.4676,0,,,0.241,0.2529,Full-time,Business,0
91739.15,72327.85,626,0.6137,0,75.2,5.7,0.2374,0.186,Part-time,Business,0
43306.68,9925.37,631,0.1906,0,83.3,12.6,0.0867,0.1158,Full-time,Debt Consolidation,0
69560.97,5844.34,688,0.1501,0,95.2,3.7,0.0357,0.05,Part-time,Home Improvement,0
50744.28,2469.35,678,0.2773,0,71.9,9.2,0.051,0.05,Part-time,Debt Consolidation,0
87069.25,21442.26,759,0.4661,0,93.5,4.1,0.0976,0.1095,Full-time,Debt Consolidation,0
33872.75,18558.74,732,0.4082,1,59.9,11.6,0.2537,0.1304,Full-time,Business,0
45533.7,36426.96,711,0.5512,0,100.0,6.7,0.2792,0.2323,Part-time,Home Improvement,0
42318.46,28736.78,574,0.2834,0,69.4,7.2,0.2112,0.1587,Full-time,Debt Consolidation,0
38568.78,5135.1,679,0.1207,0,73.5,4.4,0.0545,0.05,Full-time,Debt Consolidation,0
122589.6,4653.74,644,0.1158,0,63.3,4.0,0.0159,0.05,Full-time,Home Improvement,0
73067.62,25532.44,595,0.1021,0,65.1,8.9,0.0939,0.1416,Self-employed,Home Improvement,0
69532.19,12921.49,697,0.2326,1,67.1,11.4,0.0859,0.0613,Full-time,Major Purchase,0
49749.61,20043.12,693,0.0572,0,56.2,8.6,0.105,0.1114,Full-time,Major Purchase,0
61747.91,11822.78,699,0.0637,0,74.4,11.7,0.0534,0.0961,Part-time,Debt Consolidation,0
82780.12,24176.72,609,0.2689,0,54.3,4.4,0.0935,0.1666,Full-time,Major Purchase,0
93339.6,2338.63,598,0.2531,2,60.7,3.3,0.0512,0.05,Full-time,Debt Consolidation,0
70617.13,36703.17,648,0.3265,1,83.3,9.6,0.175,0.2001,Full-time,Home Improvement,0
43542.07,5989.79,660,0.4598,0,88.0,1.3,0.109,0.05,Full-time,Debt Consolidation,0
48355.34,38684.27,648,0.226,0,80.1,6.5,0.2256,0.3183,Full-time,Major Purchase,0
51981.86,5570.98,705,0.316,0,65.7,9.7,0.0695,0.0584,Full-time,Debt Consolidation,0
42068.9,3141.78,572,0.2627,2,52.3,6.4,0.1199,0.05,Full-time,Debt Consolidation,0
103519.49,4942.71,575,0.2073,1,73.7,4.3,0.0375,0.05,Full-time,Debt Consolidation,0
52096.02,9703.86,784,0.2107,0,78.3,9.8,0.0738,0.1024,Full-time,Major Purchase,0
44773.99,35819.19,617,0.3255,0,68.6,5.3,0.2443,0.3337,Full-time,Home Improvement,0
39775.05,7524.77,735,0.1869,0,82.2,2.3,0.0792,0.0801,Full-time,Debt Consolidation,0
45964.93,36771.95,553,0.6523,0,54.9,9.4,0.2942,0.2271,Full-time,Debt Consolidation,1
138957.79,28618.35,631,0.2852,0,62.7,6.7,0.0642,0.088,Full-time,Debt Consolidation,0
241810.03,3515.64,758,0.0875,0,100.0,2.3,0.01,0.05,Full-time,Debt Consolidation,0
48812.05,8254.94,703,0.1044,0,81.8,4.9,0.056,0.05,Full-time,Education,0
67727.5,49579.91,680,0.2337,0,87.7,6.2,0.2005,0.29,Full-time,Education,0
14699.83,11759.86,605,0.3645,1,63.1,3.3,0.4522,0.2461,Full-time,Major Purchase,1
35655.61,28524.49,714,0.2474,1,62.3,8.8,0.2756,0.192,Full-time,Home Improvement,0
36960.74,29568.59,752,0.1844,0,69.0,11.9,0.2279,0.2369,,Major Purchase,0
42530.6,34024.48,686,0.1778,2,79.4,1.3,0.2785,0.2086,Self-employed,Debt Consolidation,0
70505.65,24030.51,729,0.0876,1,97.5,5.3,0.1078,0.1498,Part-time,Debt Consolidation,0
55934.31,6515.0,583,0.5418,0,54.4,2.7,0.0977,0.05,Full-time,Home Improvement,0
31873.59,3691.01,677,0.417,0,84.3,3.6,0.122,0.05,Full-time,Home Improvement,0
158848.31,66175.52,719,0.2668,0,87.6,3.2,0.1121,0.1831,Full-time,Education,0
52649.34,11411.21,713,0.3266,1,80.0,9.7,0.1195,0.058,Full-time,Debt Consolidation,0
48853.86,2439.64,589,0.1862,0,68.9,4.8,0.0394,0.05,Full-time,Debt Consolidation,0
86042.9,45644.98,537,0.2617,0,61.1,5.0,0.1492,0.145,Self-employed,Debt Consolidation,0
12000.0,9600.0,532,0.0339,1,54.9,8.6,0.3123,0.2245,Full-time,Debt Consolidation,1
33116.76,3501.68,749,0.2147,0,86.9,1.6,0.072,0.05,Part-time,Home Improvement,0
28610.41,22888.33,818,0.2959,1,100.0,7.6,0.3084,0.1841,Full-time,Debt Consolidation,1
56930.54,9520.35,598,0.3917,0,30.4,7.1,0.0897,0.05,Self-employed,Major Purchase,0
51922.43,2589.1,721,0.2186,0,100.0,3.5,0.0423,0.05,Full-time,Debt Consolidation,0
48227.31,11936.98,757,0.2478,1,86.8,3.9,0.1213,0.0788,Part-time,Debt Consolidation,0
50957.61,13265.48,594,0.408,1,86.1,4.7,0.1437,0.0863,Full-time,Business,0
86659.49,13540.83,791,0.1342,0,75.1,4.6,0.0486,0.0532,Full-time,Debt Consolidation,0
75219.0,6672.44,760,0.1602,0,75.8,6.3,0.0366,0.05,Full-time,Debt Consolidation,0
124282.71,33100.92,735,0.135,0,68.3,6.4,0.0717,0.0856,Full-time,Debt Consolidation,0
153110.67,21421.81,644,0.2034,0,70.2,4.3,0.0431,0.05,Part-time,Business,0
83773.32,14938.6,687,0.1463,1,64.8,4.5,0.0697,0.05,Full-time,Education,0
34529.31,10135.8,715,0.2636,0,63.6,17.6,0.1254,0.0782,Full-time,Home Improvement,0
26818.07,8045.44,714,0.1384,0,69.7,6.7,0.1091,0.085,,Debt Consolidation,0
68618.94,8339.92,740,0.4574,1,85.5,12.3,0.0947,0.05,Full-time,Business,0
49626.08,39700.86,760,0.0729,0,87.9,10.5,0.2026,0.1917,Part-time,Debt Consolidation,0
64899.63,11020.73,616,0.0927,1,62.3,8.5,0.0695,0.0541,Full-time,Education,0
39970.04,31976.03,672,0.2788,1,82.1,5.7,0.2722,0.4004,Part-time,Debt Consolidation,0
44843.42,15302.78,658,0.3829,0,72.1,7.6,0.1434,0.171,Full-time,Debt Consolidation,0
63349.89,16454.03,574,0.2245,0,69.7,2.4,0.0879,0.0793,Unemployed,Home Improvement,1
42813.29,34250.64,585,0.4278,0,38.9,8.8,0.2639,0.2721,Full-time,Debt Consolidation,1
66823.37,12596.16,629,0.336,0,67.4,4.3,0.0814,0.0609,Full-time,Major Purchase,0
94651.69,20018.37,523,0.0088,0,33.2,6.5,0.0514,0.0786,Full-time,Major Purchase,0
48371.06,27969.05,663,0.6614,0,72.6,9.6,0.2372,0.2316,Full-time,Home Improvement,0
39496.89,6091.64,670,0.2352,0,55.6,11.2,0.0799,0.0593,Full-time,Business,0
40254.4,32203.52,671,0.2173,0,60.7,7.5,0.2309,0.1907,Unemployed,Debt Consolidation,1
94584.31,21231.76,617,0.3528,0,87.7,9.3,0.0807,0.114,Part-time,Education,0
44858.57,27587.5,630,0.2868,1,89.9,3.2,0.2204,0.2472,Full-time,Education,0
117164.05,6766.28,672,0.144,1,45.6,12.8,0.033,0.05,Self-employed,Business,0
46611.92,6267.38,706,0.0258,0,68.2,2.6,0.0363,0.05,Full-time,Home Improvement,0
89984.48,8256.39,513,0.2721,1,47.1,5.3,0.0571,0.05,Full-time,Debt Consolidation,1
42703.18,2966.16,652,0.2038,0,65.1,11.3,0.051,0.05,Full-time,Major Purchase,0
32431.05,25944.84,721,0.0169,0,75.6,4.2,0.1957,0.2704,Full-time,Major Purchase,0
72172.1,24736.36,696,0.1131,0,83.5,13.9,0.0935,0.1293,Full-time,Major Purchase,0
104934.1,3760.5,703,0.3503,1,69.3,5.9,0.0441,0.05,Full-time,Home Improvement,0
56726.86,45381.48,603,0.2812,0,77.7,1.6,0.2277,0.3741,Full-time,Debt Consolidation,0
22755.53,18204.42,668,0.273,1,59.8,2.4,0.3311,0.3766,Full-time,Debt Consolidation,1
76359.65,15841.84,556,0.0935,0,61.7,9.0,0.0586,0.0538,Unemployed,Home Improvement,1
40579.79,2712.7,762,0.2427,0,78.5,5.4,0.0591,0.05,Part-time,Home Improvement,0
50974.04,10603.69,613,0.3299,2,57.3,6.1,0.1436,0.0579,Full-time,Debt Consolidation,0
72185.52,30719.1,645,0.2802,0,84.1,1.2,0.1301,0.138,Part-time,Debt Consolidation,0
98024.52,6323.62,767,0.3617,0,98.8,4.8,0.0421,0.05,Unemployed,Debt Consolidation,0
44398.78,23182.59,691,0.2604,0,87.3,3.8,0.1675,0.1922,Full-time,Debt Consolidation,0
44720.32,5680.61,555,0.7756,0,33.7,4.6,0.1554,0.0646,Full-time,Debt Consolidation,1
95641.24,15143.0,538,0.2205,0,56.6,5.2,0.0546,0.05,Full-time,Debt Consolidation,0
70678.85,19625.36,654,0.1811,0,41.0,8.9,0.0851,0.1012,Part-time,Home Improvement,0
57831.14,20663.94,648,0.1227,3,81.5,2.8,0.1633,0.1305,Full-time,Debt Consolidation,0
46769.4,10258.14,850,0.6203,0,98.2,4.1,0.1481,0.105,Full-time,Education,0
67258.91,21350.3,664,0.1939,0,47.1,5.2,0.0969,0.0812,Self-employed,Debt Consolidation,0
36424.86,8481.17,678,0.0873,0,62.7,4.9,0.0731,0.1287,Part-time,Debt Consolidation,0
47594.94,18388.59,830,0.2494,1,69.0,4.7,0.1557,0.1443,Full-time,Debt Consolidation,0
101519.68,2766.66,612,0.1026,0,41.7,4.4,0.0138,0.05,Full-time,Major Purchase,0
104897.15,21782.27,683,0.1445,0,100.0,4.1,0.0598,0.0659,Self-employed,Debt Consolidation,0
82878.46,7338.92,550,0.3544,0,53.4,4.5,0.052,0.05,Full-time,Debt Consolidation,0
37858.3,8515.43,661,0.1986,0,71.8,8.2,0.0917,0.0551,Full-time,Debt Consolidation,0
81203.45,36900.49,701,0.3519,2,68.1,3.2,0.1698,0.1245,Full-time,Debt Consolidation,0
127206.42,2206.23,724,0.3353,1,86.3,3.5,0.0326,0.05,Full-time,Home Improvement,0
43804.68,7549.75,720,0.2595,0,45.0,6.2,0.084,0.0771,Full-time,Major Purchase,0
37628.06,25943.54,622,0.2795,1,45.2,4.7,0.2508,0.2272,Full-time,Major Purchase,1
56782.76,31381.01,696,0.19,0,55.6,6.7,0.1567,0.1523,Self-employed,Debt Consolidation,0
127987.09,9811.51,647,0.6003,1,82.7,2.1,0.0615,0.05,Full-time,Education,0
39316.98,31453.58,723,0.1738,1,88.7,7.5,0.2543,0.2675,Full-time,Debt Consolidation,0
42655.07,6161.76,607,0.2611,0,76.0,0.9,0.0787,0.05,Part-time,Home Improvement,0
26983.69,3347.06,609,0.4477,1,73.1,1.8,0.1937,0.05,Full-time,Debt Consolidation,0
40603.6,3057.06,715,0.3525,0,68.4,4.5,0.0806,0.05,Full-time,Debt Consolidation,1
85923.02,10102.37,724,0.1004,2,47.8,5.8,0.0646,0.0729,Full-time,Debt Consolidation,0
54539.02,25830.36,601,0.2369,0,66.1,4.6,0.1449,0.1178,Full-time,Debt Consolidation,0
110884.8,8422.46,627,0.594,0,73.3,2.7,0.0568,0.05,Full-time,Home Improvement,0
27928.71,4221.42,629,0.259,0,86.6,16.6,0.103,0.05,Full-time,Debt Consolidation,0
31352.23,25081.78,655,0.1817,0,88.0,5.5,0.2337,0.269,Full-time,Debt Consolidation,0
43026.22,34420.98,628,0.0619,0,53.0,6.4,0.2024,0.3745,Part-time,Debt Consolidation,0
135993.9,2385.23,710,0.1255,0,88.6,6.6,0.0109,0.05,Full-time,Education,0
21255.61,17004.49,588,0.2949,0,99.7,3.3,0.2919,0.2361,Self-employed,Business,0
20992.47,16793.98,628,0.506,0,74.2,3.1,0.3656,0.2564,Full-time,Major Purchase,0
27594.13,13992.7,754,0.1326,0,100.0,10.5,0.1563,0.1403,Full-time,Business,0
56877.22,4495.53,733,0.3395,1,96.4,3.3,0.083,0.05,Full-time,Major Purchase,0
22214.66,17771.73,743,0.5056,1,100.0,6.0,0.4099,0.1885,Full-time,Debt Consolidation,0
34494.85,11365.07,644,0.2566,0,84.7,2.0,0.1326,0.1453,Full-time,Major Purchase,0
50497.9,31266.91,677,0.351,0,92.5,6.2,0.1986,0.1549,Full-time,Business,0
46715.16,12660.06,437,0.1714,0,17.8,2.9,0.0915,0.0869,Full-time,Debt Consolidation,0
57853.04,19019.12,754,0.3715,1,67.7,2.8,0.1459,0.1152,Self-employed,Home Improvement,0
57423.09,6847.78,759,0.1887,0,74.3,7.7,0.0523,0.05,Full-time,Business,0
41379.49,33103.59,526,0.4144,0,44.7,2.2,0.2641,0.186,Full-time,Home Improvement,1
107114.75,26287.64,583,0.0735,0,48.0,8.4,0.0638,0.0629,,Debt Consolidation,0
74625.47,56960.65,619,0.2001,0,86.3,1.5,0.2025,0.3058,Full-time,Debt Consolidation,0
31017.14,5984.72,703,0.1566,0,,,0.0827,0.0958,Full-time,Home Improvement,1
52156.21,31543.3,589,0.2594,0,60.9,6.8,0.181,0.1577,Full-time,Debt Consolidation,1
71386.35,7521.4,578,0.5132,0,58.4,9.9,0.077,0.057,Full-time,Debt Consolidation,0
47890.7,35502.39,631,0.2825,1,100.0,2.7,0.2454,0.3924,Self-employed,Debt Consolidation,0
62096.3,6543.62,557,0.3487,2,39.4,7.2,0.1044,0.05,Full-time,Debt Consolidation,1
46025.59,9801.52,699,0.347,2,81.2,4.7,0.1575,0.0616,Full-time,Debt Consolidation,0
26894.2,6437.56,605,0.2786,1,80.0,5.2,0.1766,0.1346,Part-time,Debt Consolidation,0
32732.28,26185.82,721,0.2027,0,76.6,0.7,0.2366,0.2132,Full-time,Debt Consolidation,0
40872.21,12599.89,608,0.306,0,91.8,4.6,0.1279,0.0916,Full-time,Major Purchase,0
57822.17,46257.74,739,0.1847,1,94.2,14.3,0.2358,0.3527,Full-time,Home Improvement,0
60712.41,16471.26,616,0.2904,0,52.0,11.0,0.0996,0.1017,Part-time,Major Purchase,0
86843.3,4175.51,590,0.3483,0,45.1,7.7,0.0404,0.05,Self-employed,Business,0
46293.05,18775.41,673,0.2865,0,51.7,7.1,0.1419,0.1099,Full-time,Debt Consolidation,0
84261.47,4171.56,801,0.5876,0,100.0,6.7,0.0621,0.05,Full-time,Major Purchase,0
99991.05,16355.61,834,0.2251,0,100.0,2.7,0.0555,0.0915,Part-time,Major Purchase,0
96565.15,38394.54,668,0.0981,0,96.5,4.3,0.1027,0.11,Full-time,Debt Consolidation,0
183363.21,4189.16,670,0.2682,1,76.6,7.4,0.0226,0.05,Full-time,Debt Consolidation,0
117389.37,8000.16,645,0.2296,1,78.1,2.1,0.0407,0.05,Full-time,Major Purchase,0
30813.12,6033.02,671,0.2415,1,59.5,3.3,0.1424,0.0802,Full-time,Business,0
77854.5,2620.35,637,0.2225,0,70.0,2.4,0.0287,0.05,Full-time,Debt Consolidation,0
19476.21,15580.97,767,0.3983,2,100.0,6.6,0.4625,0.3494,Full-time,Business,0
24854.9,4890.28,814,0.5413,0,80.2,3.7,0.204,0.0937,,Debt Consolidation,0
139175.13,39391.77,610,0.2987,0,89.7,3.8,0.0834,0.0686,Full-time,Debt Consolidation,1
25599.1,20479.28,599,0.0966,0,99.5,3.1,0.2192,0.1908,Full-time,Education,0
161965.88,23423.56,669,0.3043,1,65.6,5.1,0.0556,0.05,Full-time,Education,0
36009.12,4208.73,486,0.2187,0,69.4,6.5,0.0718,0.0563,Full-time,Major Purchase,0
46217.06,19413.56,760,0.2951,0,100.0,3.8,0.1468,0.129,Self-employed,Debt Consolidation,0
88282.83,4231.18,819,0.383,0,88.3,10.1,0.0427,0.05,Self-employed,Home Improvement,0
22308.31,17846.65,747,0.4182,0,87.2,3.6,0.327,0.3548,Full-time,Major Purchase,0
96128.72,76902.98,700,0.3143,1,100.0,2.1,0.228,0.1985,Full-time,Home Improvement,0
32161.46,25729.17,624,0.15,0,86.1,4.7,0.2256,0.3683,Full-time,Education,0
45445.01,36356.01,537,0.0989,0,53.8,4.7,0.2077,0.2215,Full-time,Major Purchase,0
55875.51,16180.03,734,0.3231,0,70.9,12.7,0.1111,0.1734,Self-employed,Debt Consolidation,0
45193.0,19500.28,678,0.6349,1,60.8,7.1,0.2313,0.1751,Full-time,Debt Consolidation,0
30123.51,9549.22,749,0.2809,0,59.6,11.4,0.1432,0.0946,Full-time,Debt Consolidation,0
48867.21,13430.44,694,0.0883,2,95.6,2.9,0.1281,0.1644,Full-time,Major Purchase,0
33895.93,6976.85,612,0.3471,0,61.8,19.1,0.1231,0.0589,Full-time,Home Improvement,0
51502.48,5886.34,770,0.2405,0,100.0,11.1,0.061,0.05,Full-time,Debt Consolidation,0
69286.41,18992.19,678,0.2248,0,62.3,3.8,0.0891,0.0783,Full-time,Business,0
103478.83,58999.49,546,0.1053,3,44.6,10.6,0.179,0.198,Full-time,Home Improvement,1
182982.32,5103.76,539,0.6279,1,64.5,3.0,0.038,0.05,Full-time,Debt Consolidation,1
77929.72,44971.22,512,0.3174,0,50.2,1.0,0.1678,0.2178,Self-employed,Education,1
95732.43,38905.65,744,0.3692,0,58.6,7.4,0.1253,0.1075,Full-time,Debt Consolidation,0
74656.64,14016.31,598,0.239,0,82.6,2.6,0.0681,0.0809,Full-time,Home Improvement,0
20157.49,5226.86,694,0.3172,0,88.3,4.6,0.1755,0.1093,Full-time,Debt Consolidation,0
43641.41,24390.28,520,0.3318,0,65.2,4.9,0.1889,0.1474,Full-time,Debt Consolidation,0
37492.33,28725.08,700,0.2932,1,60.1,5.3,0.2722,0.2126,Self-employed,Debt Consolidation,0
59894.35,33103.58,737,0.1445,0,100.0,6.9,0.15,0.143,Full-time,Debt Consolidation,0
98311.83,6172.84,598,0.1824,2,80.2,5.9,0.0528,0.05,Full-time,Debt Consolidation,0
71822.49,20535.96,689,0.5777,1,97.7,5.8,0.1432,0.1125,Full-time,Home Improvement,0
46408.32,16424.88,581,0.2529,1,66.9,3.1,0.15,0.0907,Full-time,Home Improvement,0
56391.35,20681.14,682,0.0336,0,100.0,1.4,0.0923,0.0951,Full-time,Education,0
144872.21,13821.1,589,0.2449,0,57.9,4.8,0.0351,0.0507,Full-time,Home Improvement,0
51816.98,12593.21,544,0.3194,0,49.8,5.1,0.1027,0.1139,Full-time,Home Improvement,0
36651.68,29321.35,638,0.4969,0,70.1,6.4,0.2896,0.3728,Self-employed,Business,1
83694.52,49538.34,697,0.0914,2,70.2,16.7,0.1786,0.1414,Full-time,Debt Consolidation,0
43885.89,8892.76,584,0.3002,0,70.1,5.7,0.0979,0.1257,Part-time,Major Purchase,0
57374.28,29635.93,584,0.294,1,55.7,7.0,0.1818,0.2522,Full-time,Major Purchase,1
31196.07,24956.85,732,0.5201,1,98.1,4.5,0.3505,0.1818,Full-time,Major Purchase,0
43700.58,34960.47,693,0.6885,0,60.6,11.0,0.3054,0.3207,Full-time,Debt Consolidation,0
72860.7,36641.79,700,0.1698,0,84.8,5.3,0.1375,0.1992,Full-time,Debt Consolidation,0
60152.35,2660.4,747,0.3785,0,89.0,3.0,0.0559,0.05,Full-time,Education,0
32196.13,25756.9,699,0.5796,0,66.3,5.4,0.3216,0.2022,Full-time,Home Improvement,0
28721.29,22977.03,627,0.1874,0,52.7,7.2,0.239,0.2734,Full-time,Debt Consolidation,0
37279.02,29823.22,702,0.1512,0,62.1,6.6,0.2212,0.3363,Full-time,Major Purchase,0
61034.42,5116.75,669,0.3568,0,61.2,5.7,0.0622,0.05,Full-time,Education,0
43872.15,35097.72,574,0.363,0,47.6,6.2,0.2516,0.3808,Part-time,Debt Consolidation,1
35858.16,21014.07,749,0.4569,0,85.5,8.5,0.2324,0.2876,Full-time,Home Improvement,0
66024.91,10247.02,588,0.2125,0,72.5,2.8,0.0604,0.05,Full-time,Debt Consolidation,0
43472.26,8943.32,727,0.0518,0,87.9,11.3,0.0579,0.0656,Full-time,Debt Consolidation,0
47739.33,2209.56,654,0.2547,0,74.8,2.8,0.0495,0.05,Full-time,Home Improvement,0
96176.2,2183.5,692,0.1754,0,73.1,7.3,0.0186,0.05,Full-time,Debt Consolidation,0
29421.2,2056.09,828,0.1854,1,100.0,10.7,0.1029,0.05,Full-time,Major Purchase,0
19476.95,15581.56,760,0.1167,0,88.6,5.4,0.2352,0.2875,Self-employed,Business,0
50725.0,11228.41,619,0.2373,0,69.5,7.9,0.0868,0.0912,Unemployed,Business,0
67506.47,54005.18,514,0.4344,0,39.3,8.9,0.2383,0.1864,Full-time,Debt Consolidation,1
37049.98,14432.13,549,0.3059,3,41.0,10.2,0.2501,0.0931,Full-time,Debt Consolidation,1
21769.23,17113.32,718,0.2833,0,76.4,8.4,0.2824,0.2345,Self-employed,Debt Consolidation,0
43866.09,33957.96,648,0.2388,0,53.0,4.1,0.225,0.333,Full-time,Debt Consolidation,0
63816.52,15548.29,647,0.2607,0,75.2,5.8,0.0879,0.0695,Part-time,Business,0
77800.25,29405.99,740,0.0558,0,89.8,10.5,0.0959,0.1771,Full-time,Home Improvement,0
78203.39,26754.95,654,0.4164,0,61.5,1.0,0.1204,0.137,Full-time,Education,0
27461.83,11514.76,779,0.3787,0,100.0,3.6,0.1999,0.1047,Full-time,Education,0
77631.51,18890.09,662,0.6096,0,60.1,3.3,0.1149,0.0678,Full-time,Home Improvement,0
61498.56,20075.23,554,0.4224,0,46.4,8.4,0.1278,0.0909,Full-time,Debt Consolidation,0
97799.3,55929.14,654,0.1557,1,76.0,6.4,0.161,0.2046,Full-time,Debt Consolidation,0
71361.87,18355.66,737,0.1244,0,85.1,9.4,0.0743,0.088,Full-time,Education,0
41930.08,33544.07,528,0.3311,0,28.1,14.0,0.2488,0.2569,Full-time,Debt Consolidation,1
58330.33,38854.54,711,0.1987,0,76.1,2.8,0.1844,0.1646,Full-time,Home Improvement,0
27889.89,22311.91,478,0.3351,0,40.2,5.2,0.2785,0.3449,Full-time,Debt Consolidation,1
35616.83,10270.45,694,0.3272,0,72.5,6.2,0.1354,0.0936,Full-time,Home Improvement,0
20824.6,5785.73,688,0.2701,0,92.2,3.2,0.1601,0.0738,Full-time,Debt Consolidation,0
45408.62,3975.75,732,0.488,1,61.5,10.2,0.1248,0.05,Full-time,Home Improvement,0
46857.19,19811.07,591,0.3538,2,67.1,2.6,0.207,0.1342,Full-time,Debt Consolidation,0
65550.49,15789.86,715,0.1294,1,72.3,5.1,0.0903,0.0692,Unemployed,Home Improvement,0
36407.55,29126.04,785,0.2753,0,69.1,7.8,0.2464,0.2556,Full-time,Debt Consolidation,0
41739.48,33391.59,699,0.2834,1,91.6,5.3,0.2696,0.4034,Part-time,Debt Consolidation,1
33963.11,22794.68,732,0.419,0,79.2,12.6,0.2499,0.1639,Full-time,Home Improvement,0
47072.09,14784.04,693,0.1796,0,82.7,8.8,0.1029,0.088,Full-time,Education,0
59571.3,10206.95,647,0.5876,0,,,0.1121,0.0642,Full-time,Debt Consolidation,0
26637.85,21310.28,665,0.0442,0,69.7,5.1,0.2039,0.2016,Full-time,Major Purchase,0
25061.0,20048.8,689,0.1152,1,85.6,14.7,0.273,0.2356,Unemployed,Education,0
96347.43,5430.22,671,0.3161,0,88.7,5.3,0.0371,0.05,Full-time,Major Purchase,0
104230.41,35144.49,584,0.7746,1,50.5,3.3,0.1459,0.0954,Full-time,Debt Consolidation,1
86378.28,6161.38,594,0.3041,1,,,0.0564,0.05,Full-time,Home Improvement,0
61210.9,48968.72,766,0.3175,0,83.5,4.0,0.2293,0.1855,Full-time,Home Improvement,0
32374.04,4458.26,720,0.1678,0,80.6,6.0,0.0704,0.05,Full-time,Debt Consolidation,0
23760.63,5581.07,706,0.2639,0,66.7,6.6,0.1364,0.0648,Full-time,Debt Consolidation,0
56868.49,33317.75,592,0.4,1,99.9,1.7,0.2124,0.1834,Full-time,Debt Consolidation,0
85277.76,4003.3,756,0.091,1,84.5,6.5,0.033,0.05,Part-time,Major Purchase,0
63119.89,2580.16,635,0.0494,0,68.0,7.9,0.0154,0.05,Full-time,Debt Consolidation,0
39870.29,27381.46,652,0.153,0,51.0,5.4,0.1924,0.2537,Full-time,Major Purchase,0
62263.93,28891.71,782,0.5221,0,100.0,3.1,0.1717,0.2442,Full-time,Debt Consolidation,0
84559.05,2539.84,650,0.2555,2,,,0.0573,0.05,Full-time,Debt Consolidation,0
62773.84,11783.74,718,0.3033,1,72.4,22.3,0.099,0.0832,Full-time,Debt Consolidation,0
34133.95,2452.44,678,0.1016,0,57.8,11.4,0.0387,0.05,Full-time,Debt Consolidation,0
53678.91,42943.13,719,0.2976,0,75.9,3.4,0.2319,0.2003,Full-time,Home Improvement,0
17279.35,13823.48,622,0.147,0,54.3,8.1,0.2533,0.3084,Full-time,Business,0
38137.06,30509.65,670,0.165,0,80.1,4.3,0.2232,0.3205,Full-time,Debt Consolidation,0
43222.07,7582.69,805,0.5788,0,100.0,5.6,0.1385,0.0667,Full-time,Debt Consolidation,0
49490.91,10734.55,670,0.4483,2,94.9,6.2,0.1658,0.0758,Part-time,Home Improvement,0
72195.84,25541.57,559,0.0605,1,54.8,8.4,0.1076,0.19,Full-time,Debt Consolidation,0
66268.3,24430.04,682,0.407,0,81.3,3.3,0.1327,0.0924,Full-time,Debt Consolidation,0
77873.22,3018.82,582,0.1712,0,75.1,12.0,0.0251,0.05,Full-time,Education,0
45280.78,5081.71,680,0.4279,0,96.3,5.2,0.095,0.05,Full-time,Education,0
41576.04,9814.84,616,0.4717,1,65.8,1.8,0.1672,0.1383,Full-time,Education,0
127375.86,10023.66,639,0.3236,0,67.3,3.3,0.0372,0.05,Unemployed,Home Improvement,0
47356.08,11665.62,634,0.4168,0,63.5,2.0,0.1225,0.0842,Self-employed,Debt Consolidation,0
28093.69,11546.07,728,0.1322,1,52.5,8.0,0.1752,0.1531,Full-time,Education,0
25805.95,6296.0,510,0.261,1,52.1,8.5,0.1779,0.1118,Full-time,Debt Consolidation,1
39541.65,2372.06,678,0.2352,1,95.3,7.2,0.0876,0.05,Self-employed,Debt Consolidation,0
126750.61,4973.6,650,0.139,0,100.0,19.9,0.0173,0.05,Part-time,Home Improvement,0
47675.77,7086.97,528,0.2659,0,56.0,3.8,0.0758,0.0681,Full-time,Business,0
65582.22,11834.22,626,0.2407,0,65.1,7.5,0.0697,0.0831,Full-time,Major Purchase,0
56217.59,18491.64,543,0.2439,0,52.0,2.6,0.1102,0.0844,Full-time,Business,0
100549.43,54500.99,571,0.0637,1,80.0,7.3,0.1466,0.1874,Self-employed,Home Improvement,0
120792.55,18598.45,585,0.1698,1,65.7,18.0,0.057,0.0709,Full-time,Debt Consolidation,0
37476.19,29980.95,689,0.3352,0,91.3,6.1,0.2564,0.2048,Full-time,Major Purchase,0
84310.72,25578.28,526,0.0511,1,49.2,9.7,0.0914,0.1157,Full-time,Debt Consolidation,0
128495.01,8390.07,579,0.4525,0,83.3,8.6,0.041,0.05,Part-time,Home Improvement,0
48684.5,11983.07,695,0.4105,0,77.5,4.9,0.1198,0.0723,Full-time,Debt Consolidation,0
49233.58,39386.86,674,0.0344,0,100.0,1.7,0.197,0.1952,Full-time,Debt Consolidation,0
50161.18,5422.4,817,0.4147,1,100.0,7.4,0.1094,0.05,Full-time,Education,0
59680.26,2079.7,694,0.3221,1,71.5,9.6,0.0673,0.05,Full-time,Debt Consolidation,0
81327.78,7181.92,635,0.0032,0,45.8,9.0,0.0215,0.05,Full-time,Home Improvement,0
71358.59,14220.01,814,0.0473,0,96.5,5.3,0.0526,0.0508,Full-time,Debt Consolidation,0
45530.28,29844.21,746,0.3105,1,87.3,2.7,0.2328,0.1896,Self-employed,Major Purchase,0
90303.22,21419.84,652,0.1577,0,67.4,1.2,0.0695,0.0883,Full-time,Debt Consolidation,0
140881.74,50670.41,651,0.1896,1,86.1,2.8,0.1045,0.1119,Part-time,Debt Consolidation,0
49724.63,8090.19,710,0.3562,1,89.3,4.0,0.1148,0.08,Self-employed,Major Purchase,0
100256.04,37895.97,623,0.4579,0,39.6,9.0,0.1236,0.0929,Full-time,Debt Consolidation,0
63593.99,13143.97,653,0.0838,0,77.5,4.0,0.0591,0.1189,Full-time,Major Purchase,0
149116.75,34523.91,720,0.2027,1,100.0,7.6,0.0734,0.1027,Full-time,Debt Consolidation,0
57515.27,20545.43,653,0.0539,0,92.8,7.6,0.0925,0.0904,Part-time,Home Improvement,0
64987.55,6569.32,613,0.3333,1,80.4,1.4,0.0797,0.05,Full-time,Major Purchase,0
34487.53,27590.02,665,0.6225,1,87.6,3.6,0.3567,0.247,Full-time,Major Purchase,0
88729.44,11136.0,628,0.3815,1,31.7,15.2,0.0746,0.05,Part-time,Major Purchase,0
42612.99,9932.85,707,0.5865,1,100.0,5.4,0.1832,0.0602,Full-time,Home Improvement,0
114137.15,6716.91,740,0.1317,1,57.8,13.8,0.0329,0.05,Full-time,Major Purchase,0
43821.78,15694.21,687,0.4134,0,75.9,1.7,0.1539,0.1029,Self-employed,Debt Consolidation,0
65980.91,33790.35,467,0.4306,0,35.3,1.5,0.1699,0.2898,Full-time,Home Improvement,1
48329.64,25813.96,578,0.2432,0,60.5,11.7,0.1644,0.1631,Full-time,Education,0
89596.39,71677.12,682,0.0876,0,24.6,4.6,0.199,0.2834,Full-time,Home Improvement,0
204981.88,18949.74,700,0.6157,1,64.5,4.8,0.0497,0.05,Unemployed,Debt Consolidation,1
29170.05,16939.98,755,0.4995,0,76.0,7.1,0.2627,0.1394,Full-time,Debt Consolidation,0
100150.26,8784.4,676,0.1215,0,83.2,6.7,0.0298,0.05,Self-employed,Major Purchase,0
60727.88,16162.06,596,0.1448,0,,,0.081,0.0716,Unemployed,Business,0
49458.53,16457.94,693,0.0675,0,65.4,11.0,0.0897,0.0813,Part-time,Major Purchase,0
97939.52,9256.47,602,0.3633,1,37.6,11.0,0.0616,0.05,Full-time,Business,0
164331.23,14342.14,722,0.2601,0,98.2,1.2,0.0323,0.05,Full-time,Home Improvement,0
50045.18,33277.13,668,0.3172,0,56.1,4.1,0.2052,0.2641,Part-time,Debt Consolidation,0
28198.54,7885.37,629,0.1174,0,66.7,5.2,0.0971,0.0845,Self-employed,Education,0
37037.1,29629.68,716,0.44,0,64.8,8.2,0.2775,0.2152,Full-time,Debt Consolidation,0
151026.42,13441.61,607,0.1582,2,28.3,4.1,0.0448,0.05,Full-time,Debt Consolidation,1
22196.42,7491.19,607,0.4446,0,65.1,3.9,0.2252,0.1919,Full-time,Debt Consolidation,0
47823.16,5705.6,719,0.4263,0,73.5,10.2,0.0928,0.05,Full-time,Home Improvement,0
42817.75,21379.65,635,0.4868,0,77.0,3.4,0.2017,0.1543,Full-time,Business,0
49334.19,6246.86,620,0.2508,0,38.6,2.9,0.067,0.05,Part-time,Debt Consolidation,0
33538.34,26830.67,693,0.2195,0,99.9,1.4,0.2391,0.2538,Self-employed,Major Purchase,0
125276.4,13774.33,785,0.3561,2,97.2,3.4,0.066,0.05,Full-time,Home Improvement,0
53718.38,17026.71,696,0.539,2,74.0,9.6,0.193,0.0897,Self-employed,Debt Consolidation,0
42590.22,18415.68,642,0.2397,0,52.3,0.7,0.1443,0.1053,Full-time,Business,0
45326.74,28079.94,539,0.3876,0,53.3,5.2,0.2103,0.2094,Full-time,Debt Consolidation,1
74200.98,31994.16,761,0.5298,1,95.8,6.3,0.1711,0.1128,Full-time,Debt Consolidation,0
45804.69,2442.67,631,0.123,1,69.8,5.8,0.0583,0.05,Full-time,Debt Consolidation,0
50532.76,40426.21,570,0.2239,1,52.6,1.8,0.2476,0.1966,Part-time,Debt Consolidation,1
99496.45,34607.92,590,0.1496,0,55.4,10.2,0.0943,0.087,Full-time,Business,0
29335.43,3130.79,552,0.5888,0,26.7,8.5,0.1701,0.05,Full-time,Debt Consolidation,1
22087.28,17669.83,605,0.2786,0,76.2,7.0,0.2828,0.2176,Part-time,Debt Consolidation,0
92725.96,8670.93,643,0.4954,0,59.1,1.8,0.0609,0.05,Full-time,Major Purchase,0
18720.35,14976.28,751,0.1978,2,,,0.3963,0.2473,Full-time,Business,0
104211.17,4396.69,668,0.1661,0,82.1,1.7,0.0216,0.05,Full-time,Business,0
92282.97,32387.82,725,0.2185,0,79.6,6.0,0.1013,0.1122,Part-time,Debt Consolidation,0
37909.83,19344.13,566,0.3195,1,61.2,2.0,0.2148,0.2702,Full-time,Business,1
80049.3,11392.29,748,0.0206,0,63.6,5.9,0.036,0.05,Full-time,Debt Consolidation,0
28659.43,11771.42,758,0.5446,1,90.3,8.4,0.2773,0.1025,Full-time,Debt Consolidation,0
29851.42,23881.14,607,0.0187,0,45.5,7.9,0.1965,0.2472,Unemployed,Debt Consolidation,1
58999.7,18556.89,561,0.3814,1,32.5,3.4,0.1424,0.0925,Full-time,Debt Consolidation,1
35820.33,19343.76,719,0.1361,0,86.2,3.7,0.157,0.2165,Part-time,Debt Consolidation,0
18330.75,14664.6,720,0.1566,0,100.0,8.3,0.2535,0.3049,Full-time,Debt Consolidation,0
62282.88,30494.81,621,0.2485,2,67.2,5.1,0.1848,0.1234,Full-time,Debt Consolidation,0
76284.67,2715.72,481,0.6991,0,30.9,1.8,0.0745,0.05,Self-employed,Debt Consolidation,1
123770.9,24680.38,706,0.5263,0,94.4,6.9,0.0785,0.0601,Full-time,Debt Consolidation,0
57749.34,14560.26,558,0.4417,0,59.8,5.5,0.1156,0.13,Part-time,Major Purchase,0
23518.57,18814.85,751,0.056,1,100.0,4.8,0.2602,0.2046,Part-time,Debt Consolidation,0
70705.83,41837.84,578,0.5111,1,56.2,5.7,0.211,0.1449,Full-time,Debt Consolidation,1
71243.29,2050.22,691,0.4673,0,82.4,4.7,0.0541,0.05,Full-time,Education,0
40590.11,32472.09,662,0.4792,2,62.7,10.6,0.3361,0.207,Full-time,Home Improvement,1
28651.76,22921.41,746,0.0644,0,77.0,2.3,0.2082,0.3295,Full-time,Home Improvement,0
45518.04,23979.08,541,0.5002,1,55.0,4.1,0.2319,0.1376,Full-time,Education,1
38020.33,7551.41,649,0.3654,0,65.7,5.6,0.1169,0.0541,Full-time,Debt Consolidation,0
23134.27,18507.42,651,0.2381,0,57.8,3.7,0.2661,0.2931,Full-time,Debt Consolidation,0
89336.38,8197.55,733,0.5705,1,57.1,1.1,0.0814,0.05,Full-time,Business,0
36889.97,29511.98,604,0.4597,0,82.7,5.1,0.2817,0.2457,Full-time,Debt Consolidation,0
38501.81,26474.06,686,0.206,0,69.9,10.1,0.2035,0.2677,Full-time,Debt Consolidation,0
32834.09,8137.35,592,0.0899,1,61.1,7.2,0.1158,0.0971,Full-time,Debt Consolidation,0
127246.86,16954.09,680,0.1453,1,53.4,4.9,0.0496,0.05,Full-time,Home Improvement,0
79692.39,15515.66,724,0.1274,0,87.4,8.6,0.0582,0.0611,Self-employed,Education,0
45541.89,7365.73,647,0.4781,0,72.1,5.4,0.1144,0.084,Full-time,Home Improvement,0
79437.85,18484.76,786,0.0646,1,98.1,9.3,0.0768,0.1385,Full-time,Home Improvement,0
71444.42,44475.07,617,0.1059,1,62.9,3.2,0.1769,0.1891,Full-time,Debt Consolidation,0
60608.13,22464.36,665,0.6972,0,100.0,2.3,0.1718,0.1028,Full-time,Debt Consolidation,0
51599.6,15882.42,703,0.2063,0,71.3,5.0,0.1027,0.1132,Full-time,Home Improvement,0
68910.43,4845.85,611,0.1984,1,62.6,3.7,0.055,0.05,Full-time,Education,0
69045.43,15256.5,523,0.4285,0,36.2,10.3,0.0977,0.0577,Full-time,Education,0
23252.33,18601.86,707,0.1329,1,91.9,4.0,0.2848,0.2119,Full-time,Debt Consolidation,0
60961.38,4501.12,755,0.074,0,71.9,5.7,0.0265,0.05,Full-time,Debt Consolidation,0
47081.01,37664.81,619,0.3503,0,56.2,6.5,0.2456,0.1952,Full-time,Major Purchase,0
52591.78,24249.32,686,0.0569,0,66.8,5.0,0.1185,0.1499,Part-time,Home Improvement,0
115734.19,8701.28,661,0.1486,0,49.4,1.6,0.0273,0.05,Full-time,Debt Consolidation,0
92752.63,4724.29,615,0.0159,3,57.9,2.4,0.0523,0.05,Full-time,Education,0
96440.32,54924.86,687,0.418,0,63.3,1.6,0.1679,0.1948,Full-time,Business,0
60727.95,7862.65,569,0.4674,0,66.3,5.7,0.0865,0.0568,Full-time,Business,0
53768.28,36368.2,640,0.2366,0,61.1,5.5,0.194,0.3654,Full-time,Education,0
38395.39,6893.85,588,0.3238,0,71.0,7.8,0.1038,0.1021,Full-time,Debt Consolidation,0
26669.57,21335.66,660,0.6583,2,85.4,8.5,0.4597,0.1834,Full-time,Debt Consolidation,1
56068.73,11562.26,683,0.5964,0,49.0,7.3,0.1261,0.0578,Full-time,Home Improvement,0
74083.58,19351.13,729,0.1568,1,100.0,7.7,0.0941,0.1552,Full-time,Home Improvement,0
39900.27,8902.11,595,0.4822,1,48.1,2.3,0.1706,0.0563,Full-time,Debt Consolidation,1
52092.09,2221.59,616,0.1487,1,71.3,9.6,0.0538,0.05,Full-time,Debt Consolidation,0
43981.2,10267.24,528,0.2539,1,74.5,7.7,0.1249,0.0601,Full-time,Home Improvement,0
139315.41,3653.84,577,0.1384,1,51.9,5.4,0.0221,0.05,Full-time,Debt Consolidation,0
32123.51,18672.55,650,0.3395,0,78.8,6.5,0.2156,0.1575,Full-time,Education,1
204166.2,12001.83,691,0.3826,0,93.2,3.6,0.0276,0.05,Full-time,Major Purchase,0
120988.89,14384.15,654,0.5905,0,59.8,4.2,0.0637,0.0603,Full-time,Major Purchase,1
61752.26,18260.09,702,0.4363,1,78.1,6.8,0.1413,0.0962,Full-time,Home Improvement,0
51795.94,18201.77,698,0.1569,0,85.3,2.6,0.1062,0.0998,Full-time,Debt Consolidation,1
29661.26,23729.01,675,0.1595,2,71.8,8.8,0.3116,0.209,Part-time,Debt Consolidation,0
98997.16,25189.12,661,0.5555,0,79.4,10.8,0.1015,0.0621,Part-time,Home Improvement,0
61569.96,7827.21,629,0.5172,0,69.8,6.7,0.091,0.0521,Full-time,Major Purchase,0
135345.24,34592.52,824,0.1441,1,93.0,2.3,0.0779,0.0988,Part-time,Home Improvement,0
74692.68,8873.16,752,0.0816,0,63.4,6.8,0.0364,0.05,Full-time,Debt Consolidation,0
54803.63,35879.46,673,0.1797,1,92.6,7.8,0.2026,0.2343,Self-employed,Debt Consolidation,0
98136.61,8638.33,620,0.2439,0,50.2,7.9,0.039,0.05,Full-time,Debt Consolidation,0
79050.4,28232.42,730,0.3963,0,100.0,9.7,0.1218,0.0859,Full-time,Debt Consolidation,0
23450.76,12044.18,644,0.2621,0,68.3,4.2,0.2037,0.2606,Part-time,Debt Consolidation,0
29018.98,20920.43,714,0.2558,2,66.1,7.2,0.3192,0.2948,Full-time,Debt Consolidation,0
18514.2,8065.04,604,0.5726,0,64.4,11.0,0.3272,0.1261,Full-time,Debt Consolidation,0
23747.38,18997.9,579,0.2628,0,61.2,8.6,0.2717,0.3967,Full-time,Debt Consolidation,0
34668.29,3583.42,581,0.1736,1,72.7,4.8,0.0955,0.05,Part-time,Debt Consolidation,0
73226.34,32240.57,723,0.1014,1,63.3,3.0,0.132,0.1708,Full-time,Major Purchase,0
72784.59,55464.09,715,0.213,1,90.9,6.9,0.2204,0.4037,Full-time,Home Improvement,0
53311.13,12770.53,464,0.4918,0,27.5,6.0,0.1239,0.0645,Self-employed,Debt Consolidation,1
43100.77,4557.09,650,0.7096,1,62.8,13.5,0.1718,0.0673,Full-time,Debt Consolidation,0
45744.91,35446.55,673,0.4489,0,63.1,1.7,0.2566,0.3973,Full-time,Debt Consolidation,0
45820.7,31568.62,591,0.227,0,47.0,10.9,0.201,0.226,Full-time,Education,0
45370.95,6590.45,633,0.2695,1,79.0,4.8,0.1041,0.05,Full-time,Debt Consolidation,0
35027.82,4479.49,600,0.1471,1,68.4,6.2,0.0952,0.05,Full-time,Debt Consolidation,1
45511.7,34980.93,677,0.3128,1,71.5,13.2,0.2603,0.2374,Full-time,Debt Consolidation,0
26357.64,21086.11,734,0.1213,0,88.6,4.3,0.2251,0.2623,Part-time,Debt Consolidation,0
54544.0,22770.12,683,0.5368,1,69.4,6.7,0.193,0.1095,Self-employed,Debt Consolidation,0
50356.21,11435.41,453,0.3262,3,57.6,11.3,0.1726,0.0614,Full-time,Business,1
28054.09,4534.24,619,0.4316,0,57.0,1.8,0.1496,0.0532,Full-time,Business,0
36583.36,18890.47,652,0.0585,1,62.4,1.5,0.1682,0.1865,Self-employed,Debt Consolidation,0
20272.91,13169.93,695,0.0788,0,58.5,9.8,0.1839,0.3399,Full-time,Debt Consolidation,0
22532.01,17874.55,801,0.4417,0,74.6,5.7,0.3315,0.1968,Full-time,Debt Consolidation,0
75700.85,40787.37,661,0.0926,0,72.6,8.2,0.1381,0.1454,Full-time,Business,0
69934.14,11237.64,688,0.7442,0,69.5,11.8,0.1152,0.05,Full-time,Debt Consolidation,0
148522.9,27304.35,763,0.6108,1,84.5,3.9,0.0818,0.0623,Full-time,Debt Consolidation,0
57594.08,33785.27,625,0.403,1,67.6,6.8,0.212,0.2879,Full-time,Debt Consolidation,0
34084.18,27267.35,831,0.1707,0,100.0,5.9,0.2281,0.3607,Full-time,Debt Consolidation,0
62464.08,12755.68,622,0.2338,0,78.5,9.5,0.076,0.0528,Full-time,Home Improvement,0
60232.02,27530.23,679,0.2493,1,76.3,8.8,0.1594,0.1574,Full-time,Home Improvement,0
76227.31,16084.03,716,0.2677,0,85.3,9.6,0.0759,0.0594,Full-time,Debt Consolidation,0
58619.64,17493.55,766,0.1862,0,92.9,6.7,0.0945,0.1013,Unemployed,Business,0
137193.79,4486.18,711,0.2145,1,68.5,17.8,0.0279,0.05,Full-time,Debt Consolidation,0
75802.53,42859.57,699,0.0746,1,78.5,4.4,0.1586,0.2287,Full-time,Debt Consolidation,0
51489.64,23595.46,744,0.1418,0,71.8,7.6,0.1298,0.1925,Full-time,Debt Consolidation,1
38154.77,3276.38,592,0.4408,0,55.9,6.7,0.1038,0.05,Self-employed,Debt Consolidation,0
41186.12,14053.72,757,0.3636,2,92.7,2.1,0.2037,0.1788,Self-employed,Debt Consolidation,0
67925.79,54340.63,489,0.3441,0,29.2,3.5,0.2285,0.3055,Full-time,Debt Consolidation,1
23490.75,2085.65,674,0.2472,0,92.4,5.0,0.0971,0.0548,Part-time,Major Purchase,0
51241.55,40993.24,563,0.463,0,66.8,9.3,0.2571,0.2031,Full-time,Debt Consolidation,0
74965.88,12015.82,570,0.0732,0,63.9,4.0,0.0455,0.1012,Full-time,Debt Consolidation,0
55768.15,20970.45,590,0.2873,2,,,0.1704,0.1313,Full-time,Home Improvement,1
18880.48,15104.38,631,0.1551,1,39.3,15.2,0.3147,0.2195,Full-time,Business,1
44448.85,24788.21,628,0.1424,0,45.1,7.1,0.1569,0.2182,Full-time,Debt Consolidation,0
112706.61,2318.38,684,0.307,1,100.0,2.2,0.0352,0.05,Full-time,Debt Consolidation,0
97373.35,4473.06,844,0.3712,1,100.0,3.2,0.0508,0.05,,Business,0
75021.08,4941.35,618,0.2259,1,91.5,6.2,0.0535,0.05,Full-time,Debt Consolidation,0
59268.57,23438.42,850,0.2787,0,100.0,1.7,0.1288,0.0999,,Major Purchase,0
32171.16,15382.99,605,0.211,0,70.2,8.9,0.162,0.2504,Full-time,Debt Consolidation,0
41937.45,4659.45,754,0.389,0,81.2,6.1,0.0935,0.0638,Full-time,Major Purchase,0
78194.2,4794.82,595,0.0493,2,63.9,3.1,0.0499,0.05,Self-employed,Education,0
54369.79,2371.15,743,0.3288,0,96.4,5.0,0.054,0.05,Full-time,Debt Consolidation,0
52735.23,5778.77,618,0.1978,0,86.5,10.0,0.0533,0.0599,Full-time,Major Purchase,0
73791.74,20198.71,799,0.1597,1,100.0,7.1,0.0975,0.1639,Unemployed,Major Purchase,0
20194.46,16155.57,685,0.0659,0,71.1,5.6,0.2155,0.1924,Part-time,Business,0
76591.16,58704.81,637,0.3183,0,65.5,2.1,0.2139,0.2094,Full-time,Business,0
77968.94,15553.17,584,0.2188,1,72.0,10.1,0.0835,0.0915,,Debt Consolidation,0
53375.97,34806.62,720,0.4132,0,89.5,11.5,0.2122,0.1583,Full-time,Debt Consolidation,0
66579.5,40354.06,772,0.2335,0,99.0,5.9,0.1707,0.2298,Full-time,Education,0
34205.18,16092.19,625,0.3901,1,72.2,4.5,0.2301,0.1438,Full-time,Business,0
58257.49,30148.19,795,0.1191,0,100.0,7.0,0.1389,0.1889,Full-time,Debt Consolidation,0
142880.39,17360.3,704,0.1746,0,81.7,14.3,0.038,0.05,Full-time,Debt Consolidation,0
17610.96,14088.76,732,0.2386,1,100.0,6.6,0.3577,0.2608,Full-time,Education,0
59661.77,47729.42,551,0.371,0,38.9,3.4,0.2368,0.3562,Full-time,Home Improvement,1
34803.75,27843.0,527,0.2685,0,27.4,4.1,0.2475,0.2664,Part-time,Home Improvement,1
24717.68,11380.25,694,0.1022,2,92.1,7.8,0.2374,0.1647,Full-time,Education,0
35047.13,4107.32,690,0.1943,0,73.4,2.7,0.068,0.05,Full-time,Education,0
116330.87,23957.01,700,0.2218,0,74.8,4.5,0.0632,0.0761,Part-time,Debt Consolidation,0
61518.14,7073.65,605,0.1876,0,55.5,11.5,0.0496,0.0721,Full-time,Major Purchase,0
68822.85,55058.28,651,0.1577,0,100.0,3.4,0.2085,0.1904,Part-time,Debt Consolidation,0
65685.43,30170.97,769,0.4119,0,78.1,6.0,0.1554,0.1799,Self-employed,Debt Consolidation,0
53440.9,7549.97,674,0.1899,0,94.6,6.9,0.0595,0.0538,Full-time,Home Improvement,0
54195.06,15739.32,673,0.3104,0,77.4,5.8,0.1109,0.1704,Full-time,Major Purchase,0
57582.7,3866.79,712,0.3607,0,64.8,4.4,0.0612,0.05,Full-time,Major Purchase,0
58642.5,46914.0,764,0.128,0,95.6,4.8,0.2077,0.2922,Full-time,Debt Consolidation,0
54193.2,4507.26,755,0.1209,2,100.0,2.8,0.0803,0.05,Full-time,Debt Consolidation,1
71331.67,31252.59,768,0.477,0,89.9,8.2,0.1533,0.2294,Part-time,Debt Consolidation,0
91676.9,3475.28,765,0.1022,0,100.0,4.3,0.0171,0.05,Full-time,Debt Consolidation,0
28707.42,3395.3,543,0.6716,0,67.7,6.9,0.1968,0.05,Full-time,Debt Consolidation,0
31272.53,2393.78,756,0.3909,0,100.0,11.7,0.1084,0.05,Full-time,Debt Consolidation,0
36135.03,6315.38,612,0.1296,0,69.3,4.8,0.0678,0.05,Full-time,Major Purchase,0
88804.13,9366.39,690,0.1824,1,82.6,8.4,0.0536,0.0556,Full-time,Debt Consolidation,0
122533.98,11060.55,445,0.4425,0,10.4,5.7,0.0477,0.05,Part-time,Education,1
85388.34,2563.2,697,0.1174,0,83.7,6.3,0.0171,0.05,Full-time,Debt Consolidation,0
74600.12,6001.33,804,0.1889,0,,,0.0375,0.05,Full-time,Debt Consolidation,0
80346.87,39152.19,648,0.1479,1,87.8,10.8,0.1451,0.1222,Full-time,Education,0
47248.49,37798.8,594,0.3932,0,51.5,6.4,0.2519,0.2668,Full-time,Home Improvement,1
46573.33,26045.73,580,0.2669,1,57.7,10.5,0.2012,0.1341,Full-time,Debt Consolidation,0
143171.91,14037.86,728,0.2303,1,81.0,10.2,0.0435,0.05,Unemployed,Debt Consolidation,0
47973.08,23673.95,588,0.4046,0,43.4,9.0,0.1792,0.1685,Full-time,Education,0
76402.61,19210.65,620,0.1945,1,71.5,6.7,0.0944,0.1472,Full-time,Education,0
50116.29,20000.99,670,0.0856,0,63.4,11.3,0.1081,0.103,Full-time,Home Improvement,0
75027.47,12701.37,634,0.5005,0,91.6,3.6,0.0887,0.0789,Part-time,Debt Consolidation,0
51278.46,2223.85,631,0.3342,1,61.5,7.4,0.0807,0.05,Full-time,Debt Consolidation,0
129389.23,26453.07,772,0.053,0,100.0,4.2,0.052,0.0587,Full-time,Major Purchase,0
45286.28,24006.49,565,0.2308,1,60.1,4.7,0.1904,0.1659,Full-time,Home Improvement,0
52963.56,34320.7,689,0.2832,0,100.0,4.5,0.194,0.1687,Full-time,Business,0
63050.2,8288.15,557,0.3606,0,26.1,5.2,0.0727,0.0637,Full-time,Debt Consolidation,1
57577.25,2462.13,629,0.1297,0,46.2,9.2,0.0265,0.05,Part-time,Debt Consolidation,0
74409.75,6973.51,713,0.2693,0,100.0,4.5,0.0486,0.05,Full-time,Debt Consolidation,0
23740.95,15826.65,496,0.1151,0,23.5,10.0,0.1949,0.2327,Full-time,Major Purchase,1
121125.79,8385.67,650,0.3468,1,70.3,3.5,0.0471,0.05,Full-time,Debt Consolidation,0
23793.19,13806.26,790,0.3223,0,100.0,4.7,0.2368,0.1415,Part-time,Home Improvement,0
43579.96,2416.44,668,0.259,0,96.1,4.4,0.0561,0.05,Full-time,Major Purchase,0
58110.6,9122.56,587,0.136,0,40.4,8.0,0.0545,0.0542,Full-time,Debt Consolidation,0
86810.33,7442.72,637,0.1064,0,33.6,12.8,0.0294,0.05,Full-time,Home Improvement,0
48182.63,18954.95,639,0.2213,0,67.9,6.3,0.1275,0.0986,Full-time,Debt Consolidation,0
66780.88,4180.48,649,0.2631,0,60.1,13.1,0.0434,0.05,Full-time,Debt Consolidation,0
27254.94,10697.62,725,0.3056,2,40.3,9.1,0.263,0.1445,Part-time,Major Purchase,0
116858.08,30902.3,582,0.125,1,60.0,3.4,0.0814,0.097,Unemployed,Debt Consolidation,1
59913.91,8687.41,541,0.2727,0,76.7,8.4,0.0676,0.0734,Self-employed,Debt Consolidation,0
35101.57,2293.27,734,0.0237,0,87.9,10.6,0.0205,0.05,Full-time,Business,0
80609.0,10971.51,581,0.1903,0,55.9,8.1,0.0497,0.0573,Full-time,Major Purchase,0
41002.94,15916.15,744,0.5021,2,93.7,10.0,0.2399,0.1682,Part-time,Business,0
45486.17,33942.74,618,0.0628,0,66.7,2.9,0.189,0.1805,Full-time,Debt Consolidation,0
78863.89,51796.14,580,0.3394,1,77.8,8.9,0.2038,0.2322,Self-employed,Debt Consolidation,0
17304.7,12796.65,686,0.1865,0,70.4,5.9,0.2551,0.2371,Full-time,Debt Consolidation,0
55936.49,12113.66,577,0.1409,0,46.0,4.1,0.0701,0.0958,Full-time,Major Purchase,0
35547.24,28437.79,631,0.2581,1,75.4,5.7,0.278,0.2155,Part-time,Debt Consolidation,0
41761.93,33409.55,485,0.0715,0,47.5,8.1,0.2043,0.4033,Full-time,Home Improvement,1
76324.77,34833.1,621,0.1816,0,36.0,3.4,0.1267,0.15,Full-time,Debt Consolidation,0
25050.14,20040.11,649,0.2498,1,52.8,9.5,0.3117,0.3701,Full-time,Education,0
83261.49,30280.06,656,0.5367,1,72.5,4.5,0.1481,0.2018,Full-time,Debt Consolidation,0
91855.51,25533.72,668,0.3247,0,87.9,6.7,0.0922,0.0848,Self-employed,Home Improvement,0
51565.02,6372.74,655,0.1506,2,45.2,4.6,0.0972,0.05,Full-time,Home Improvement,0
63726.07,7935.09,525,0.5489,0,86.1,5.4,0.0919,0.05,Full-time,Major Purchase,0
90489.14,16584.34,697,0.1442,0,79.6,3.8,0.0555,0.0557,,Home Improvement,0
49776.51,39821.21,684,0.18,0,66.6,13.5,0.218,0.266,Part-time,Debt Consolidation,0
50556.6,20537.25,529,0.3992,0,56.2,8.2,0.1543,0.1152,Full-time,Debt Consolidation,0
72254.72,55400.53,675,0.0416,1,79.2,0.8,0.2048,0.178,Full-time,Education,0
109205.57,11002.25,593,0.1067,0,63.3,1.2,0.0312,0.0561,Full-time,Debt Consolidation,0
52092.83,41674.27,707,0.2105,1,62.4,2.6,0.2441,0.3354,Full-time,Debt Consolidation,0
118600.28,50045.39,714,0.2759,1,75.4,9.0,0.1281,0.204,Full-time,Debt Consolidation,0
75768.39,19990.57,514,0.5543,0,71.9,13.8,0.116,0.0785,Full-time,Debt Consolidation,0
70752.2,7637.96,717,0.3336,1,100.0,3.9,0.0768,0.0562,Full-time,Debt Consolidation,0
45192.54,35896.95,561,0.2172,0,56.5,8.3,0.2252,0.2012,Full-time,Debt Consolidation,0
55215.48,2735.53,599,0.369,0,94.3,8.7,0.06,0.05,Full-time,Debt Consolidation,0
24834.78,19867.82,707,0.3731,0,66.5,4.7,0.3002,0.2716,Full-time,Home Improvement,0
106773.9,10760.57,583,0.1204,0,59.1,2.2,0.0323,0.0534,Full-time,Debt Consolidation,0
178534.2,5935.8,752,0.1166,0,92.5,2.8,0.0127,0.05,Full-time,Home Improvement,0
52961.76,7006.8,668,0.5672,0,79.9,10.7,0.1089,0.05,Full-time,Debt Consolidation,0
66606.51,20991.18,516,0.4368,0,50.0,1.6,0.1229,0.0979,Full-time,Education,1
63716.03,5074.45,651,0.1942,0,61.4,9.2,0.0411,0.05,Full-time,Debt Consolidation,0
86283.61,6373.76,649,0.1008,1,66.8,5.1,0.04,0.05,Full-time,Home Improvement,0
34041.8,9080.21,641,0.4422,1,81.8,2.0,0.1928,0.0789,Full-time,Debt Consolidation,0
42680.5,17037.46,632,0.5575,0,62.5,16.9,0.1899,0.1251,Full-time,Debt Consolidation,1
37512.96,6542.89,684,0.4166,0,72.8,10.9,0.1218,0.057,Full-time,Debt Consolidation,0
57937.52,46350.02,692,0.17,0,87.5,6.6,0.2131,0.1851,Self-employed,Education,0
125953.54,16374.99,630,0.167,0,55.7,3.2,0.0407,0.0683,Full-time,Debt Consolidation,0
46731.43,35964.95,570,0.5023,0,56.3,11.5,0.2621,0.3,Full-time,Business,1
38903.15,27558.59,747,0.6608,0,94.3,10.1,0.2923,0.1827,Full-time,Business,0
19447.29,11673.51,684,0.2262,0,58.4,8.5,0.2278,0.1501,Full-time,Major Purchase,0
47062.36,37649.89,660,0.5034,0,81.5,6.4,0.269,0.2997,Full-time,Home Improvement,0
38058.09,2119.17,708,0.3518,0,93.2,15.4,0.0799,0.05,Full-time,Major Purchase,0
38993.28,31194.62,659,0.3237,0,63.7,7.7,0.2518,0.3639,Full-time,Major Purchase,0
39966.24,6410.01,743,0.1914,1,89.6,14.1,0.103,0.0903,Full-time,Business,0
34762.86,4897.94,564,0.1321,0,65.1,4.8,0.0612,0.05,Part-time,Business,0
100605.14,49065.11,638,0.1312,0,86.7,4.6,0.1264,0.2292,Full-time,Home Improvement,0
69989.23,8291.17,707,0.255,2,69.0,2.8,0.089,0.05,Part-time,Debt Consolidation,0
62516.34,19806.3,755,0.3033,0,98.3,5.1,0.111,0.0877,Part-time,Major Purchase,0
36712.4,11020.7,757,0.0655,0,95.1,7.0,0.0849,0.1005,Full-time,Debt Consolidation,0
66018.75,7577.38,602,0.2461,0,63.1,8.5,0.0544,0.05,Self-employed,Debt Consolidation,0
52855.08,30940.48,580,0.4575,0,64.1,3.4,0.2028,0.1894,Full-time,Debt Consolidation,0
73517.36,45087.82,551,0.1991,0,46.2,3.5,0.1667,0.1443,Full-time,Major Purchase,0
19821.59,15857.27,755,0.5552,1,98.2,3.1,0.4542,0.3111,Full-time,Debt Consolidation,0
39507.08,17637.09,630,0.2721,1,61.3,6.5,0.1871,0.1364,Part-time,Debt Consolidation,0
96337.85,16309.08,549,0.1948,0,43.3,6.4,0.0552,0.0956,,Education,0
84689.72,21541.56,683,0.2844,0,68.5,7.2,0.0852,0.0853,Full-time,Debt Consolidation,0
60889.3,8455.65,588,0.3824,0,81.2,2.4,0.0785,0.0756,Self-employed,Debt Consolidation,0
52237.34,29016.01,519,0.3942,0,72.6,7.2,0.1876,0.1595,Part-time,Debt Consolidation,0
82490.67,4241.86,665,0.5653,0,48.3,9.2,0.0617,0.05,Part-time,Home Improvement,0
30362.06,23655.15,655,0.0159,1,46.9,6.2,0.2303,0.2184,Part-time,Major Purchase,0
77276.02,37791.03,763,0.6441,0,94.7,1.8,0.1774,0.2421,Part-time,Debt Consolidation,0
37480.18,16366.18,740,0.1214,0,100.0,4.3,0.1281,0.1826,Part-time,Home Improvement,0
32814.55,26251.64,589,0.2047,1,67.5,3.6,0.2735,0.2125,Full-time,Business,1
123414.91,6465.26,809,0.4838,0,66.6,1.8,0.0408,0.05,Full-time,Debt Consolidation,0
107152.54,13717.4,779,0.2226,1,69.3,3.7,0.0569,0.068,Full-time,Business,0
54883.61,25033.55,591,0.5097,1,53.1,3.6,0.1982,0.1655,Full-time,Debt Consolidation,1
27270.4,15455.73,710,0.037,1,,,0.1898,0.2646,Full-time,Education,0
30351.76,24281.4,742,0.3158,0,81.2,5.7,0.2669,0.3961,Full-time,Debt Consolidation,0
67870.62,2285.52,650,0.2241,0,33.5,2.1,0.0319,0.05,Full-time,Home Improvement,0
34554.75,27643.8,637,0.4108,0,96.4,18.4,0.2776,0.4052,Full-time,Major Purchase,0
62239.98,49791.99,458,0.2369,0,39.9,4.6,0.2194,0.193,Full-time,Education,1
48075.64,14770.46,668,0.4189,0,65.6,0.8,0.1365,0.0756,Full-time,Debt Consolidation,0
68380.63,12990.4,554,0.3681,0,33.7,1.9,0.0844,0.1097,Full-time,Debt Consolidation,1
38349.62,11510.66,789,0.4737,0,86.7,4.9,0.161,0.1817,Full-time,Debt Consolidation,0
36004.48,21535.06,636,0.1951,0,81.3,18.0,0.1826,0.2134,Full-time,Debt Consolidation,0
26991.27,21593.01,646,0.1534,1,59.2,4.3,0.2774,0.333,Part-time,Debt Consolidation,1
50040.49,40032.39,690,0.3378,0,91.7,16.4,0.2406,0.2073,Full-time,Major Purchase,0
61395.23,32812.21,708,0.3397,1,75.3,2.2,0.1876,0.2143,Full-time,Major Purchase,0
53657.65,5499.64,796,0.1579,1,83.7,6.2,0.0682,0.05,Self-employed,Home Improvement,0
25660.29,5823.61,684,0.0594,0,50.6,5.5,0.0711,0.1028,Full-time,Debt Consolidation,0
22047.5,17638.0,731,0.5401,1,72.2,1.1,0.4228,0.2618,Self-employed,Home Improvement,1
36512.89,2306.55,723,0.215,0,88.9,6.2,0.0575,0.05,Full-time,Debt Consolidation,0
48927.03,13032.21,661,0.536,1,74.6,1.5,0.1673,0.0943,Full-time,Home Improvement,0
74293.83,41434.37,638,0.3958,0,52.8,1.7,0.1722,0.2251,Full-time,Debt Consolidation,0
55386.49,9714.3,790,0.2481,0,100.0,7.2,0.0743,0.0707,Full-time,Home Improvement,0
50143.92,8918.22,631,0.2195,1,58.7,12.4,0.0981,0.0682,Full-time,Debt Consolidation,0
58195.25,14517.25,702,0.6413,1,59.5,8.9,0.1598,0.0847,Full-time,Home Improvement,1
41075.0,9641.66,602,0.3409,1,73.3,9.5,0.1453,0.0684,Full-time,Debt Consolidation,1
36491.92,10710.95,533,0.172,0,61.4,2.8,0.1044,0.1013,Self-employed,Debt Consolidation,0
135292.43,16701.93,653,0.4627,0,91.3,4.5,0.0543,0.05,Full-time,Debt Consolidation,0
80040.49,3326.05,694,0.2886,1,91.7,2.8,0.0509,0.05,Full-time,Debt Consolidation,0
35434.9,4358.97,593,0.1774,0,58.8,12.4,0.0656,0.05,Full-time,Home Improvement,0
65267.64,33871.48,680,0.2335,2,75.3,5.3,0.1871,0.1537,Self-employed,Debt Consolidation,0
32110.0,25688.0,617,0.1355,0,,,0.2224,0.2514,Self-employed,Business,0
42174.33,9551.31,631,0.3079,0,63.6,3.3,0.1069,0.0573,Full-time,Home Improvement,0
65555.01,3106.33,724,0.2613,1,94.5,6.2,0.0584,0.05,Full-time,Debt Consolidation,0
207459.66,7054.03,639,0.563,1,80.4,5.5,0.0335,0.05,Full-time,Debt Consolidation,0
62869.11,4337.25,544,0.1145,0,51.4,11.8,0.0297,0.05,Unemployed,Debt Consolidation,0
100675.75,4304.37,674,0.1169,0,58.2,4.6,0.0186,0.05,Full-time,Debt Consolidation,0
114211.5,16136.94,599,0.304,0,61.6,8.1,0.0531,0.05,Full-time,Home Improvement,0
57459.45,45967.56,528,0.2492,1,43.3,8.4,0.2441,0.2311,Full-time,Debt Consolidation,1
70848.76,30247.73,664,0.3683,0,79.7,9.9,0.1399,0.1432,Full-time,Business,0
54320.81,16050.2,656,0.1813,1,51.3,14.1,0.117,0.1263,Full-time,Major Purchase,0
62900.04,5874.67,768,0.3022,0,87.5,11.5,0.057,0.0599,Full-time,Debt Consolidation,0
47559.38,38047.5,603,0.0674,0,64.8,3.7,0.2022,0.2486,Unemployed,Education,1
44062.9,16702.32,590,0.5091,1,51.2,10.8,0.2014,0.1501,Full-time,Debt Consolidation,1
61292.11,11982.78,597,0.1438,0,68.1,4.2,0.0638,0.0792,Self-employed,Debt Consolidation,0
71329.36,13054.44,746,0.6731,0,75.8,3.9,0.1119,0.06,Full-time,Home Improvement,0
53383.65,4443.96,657,0.3377,0,76.3,2.5,0.0655,0.05,Full-time,Major Purchase,0
103849.89,3364.75,675,0.1128,0,82.3,13.3,0.0156,0.05,Full-time,Education,0
43770.31,13548.82,759,0.2446,0,100.0,11.6,0.1145,0.0962,Full-time,Business,0
56409.81,14028.65,459,0.108,1,52.9,4.5,0.0947,0.1239,Part-time,Home Improvement,1
46866.28,22771.07,770,0.2703,0,96.9,15.2,0.1581,0.1921,Full-time,Home Improvement,0
76546.43,7517.76,666,0.2968,1,50.6,4.1,0.0672,0.05,Full-time,Home Improvement,0
35971.01,23736.3,556,0.3194,1,51.5,1.5,0.2557,0.2946,Full-time,Debt Consolidation,1
23321.61,18657.29,743,0.4098,0,95.1,25.3,0.3185,0.2649,Part-time,Debt Consolidation,0
96070.39,29677.67,606,0.2871,0,59.7,10.4,0.0957,0.183,Part-time,Debt Consolidation,0
103721.34,34792.47,537,0.4574,0,61.1,3.0,0.1123,0.1088,,Debt Consolidation,0
45225.71,22488.35,631,0.0704,0,93.1,4.4,0.1305,0.1758,Full-time,Debt Consolidation,0
40811.28,2435.55,624,0.2776,1,76.3,4.5,0.0927,0.05,Self-employed,Business,0
34292.61,17208.67,611,0.5095,0,58.7,3.3,0.2274,0.1246,Part-time,Home Improvement,0
56454.06,19040.6,790,0.1427,0,94.7,16.6,0.0991,0.0832,Self-employed,Debt Consolidation,0
23050.67,18440.54,673,0.3804,0,81.3,1.7,0.3108,0.2291,Full-time,Major Purchase,0
83458.89,9039.06,644,0.0639,1,84.3,4.9,0.0459,0.05,Full-time,Education,0
32759.01,26207.21,720,0.4783,2,80.2,5.3,0.3704,0.2157,Full-time,Debt Consolidation,0
50074.6,8120.32,754,0.1103,2,100.0,4.3,0.1027,0.0629,Full-time,Debt Consolidation,0
61000.76,19503.93,545,0.2459,0,59.0,7.2,0.1058,0.1201,Full-time,Debt Consolidation,0
26715.18,21372.14,703,0.3095,0,92.8,3.7,0.2754,0.2841,Full-time,Home Improvement,0
37196.86,6951.22,704,0.2418,0,100.0,4.6,0.0917,0.1152,Full-time,Education,0
41734.14,19787.13,754,0.3406,0,100.0,6.4,0.1726,0.1507,Full-time,Debt Consolidation,0
151050.51,26686.38,728,0.445,0,79.1,8.0,0.0636,0.0547,Full-time,Debt Consolidation,0
46329.63,2249.5,662,0.0458,2,82.3,5.9,0.0706,0.05,Full-time,Debt Consolidation,0
72654.71,4451.83,719,0.3394,1,100.0,5.5,0.0649,0.05,Full-time,Home Improvement,0
48864.77,17101.59,722,0.1242,2,73.4,3.6,0.1514,0.088,Part-time,Education,0
60146.96,4972.84,652,0.3108,0,83.7,6.0,0.0571,0.05,Full-time,Home Improvement,0
46481.35,37185.08,687,0.4509,0,85.3,7.0,0.2618,0.2502,Self-employed,Debt Consolidation,0
84510.94,9515.98,748,0.0591,1,100.0,7.1,0.0463,0.05,Full-time,Debt Consolidation,0
144034.16,5708.19,634,0.1361,1,71.2,4.0,0.0246,0.05,Full-time,Debt Consolidation,0
62728.34,19002.04,605,0.4332,0,65.6,8.1,0.1224,0.1495,Part-time,Home Improvement,0
84841.25,3600.83,797,0.2661,0,100.0,6.2,0.0328,0.05,Full-time,Major Purchase,0
28306.42,10774.01,589,0.2829,1,43.9,11.3,0.2057,0.1116,Full-time,Home Improvement,1
72386.32,41600.69,684,0.2349,0,83.0,5.6,0.1613,0.321,Full-time,Debt Consolidation,0
68624.35,40722.41,707,0.1581,2,75.0,4.8,0.194,0.1559,Full-time,Home Improvement,0
108368.11,17855.8,592,0.2809,0,54.5,4.0,0.0582,0.1004,Full-time,Debt Consolidation,0
34218.17,9512.7,695,0.2421,0,57.7,7.2,0.1177,0.111,Self-employed,Debt Consolidation,0
114214.45,13302.31,850,0.3286,0,100.0,4.2,0.0487,0.05,Full-time,Business,0
103105.96,41621.88,579,0.1203,0,64.3,5.3,0.1053,0.1223,Full-time,Debt Consolidation,0
28115.52,22492.42,810,0.3007,0,94.2,6.3,0.269,0.2742,Part-time,Home Improvement,0
42631.17,34104.94,673,0.2635,1,69.9,7.5,0.2647,0.1979,Full-time,Debt Consolidation,0
25995.96,2731.8,658,0.1478,0,59.7,2.8,0.0662,0.05,Unemployed,Debt Consolidation,0
92182.16,28387.34,609,0.1527,0,55.9,7.0,0.0858,0.0823,Full-time,Debt Consolidation,0
185924.72,2294.78,666,0.2631,1,87.6,4.2,0.0196,0.05,Full-time,Home Improvement,0
21989.34,12907.18,620,0.2997,2,70.5,2.6,0.3481,0.1404,Full-time,Home Improvement,1
33541.53,26833.23,577,0.158,0,57.5,4.1,0.2259,0.2405,Part-time,Home Improvement,0
49256.87,25662.66,625,0.1359,1,82.4,5.4,0.1693,0.2023,,Business,0
50434.95,5259.92,652,0.4314,0,73.4,1.6,0.0866,0.05,Full-time,Debt Consolidation,0
60060.18,2174.22,755,0.3093,1,48.2,3.3,0.0658,0.05,Full-time,Major Purchase,0
43843.16,7692.17,658,0.5751,1,86.2,6.8,0.1639,0.0588,Full-time,Business,0
111583.45,29157.76,645,0.1207,0,84.2,8.2,0.0705,0.0757,Full-time,Major Purchase,0
13920.75,11136.6,713,0.0256,0,77.7,16.2,0.2053,0.218,Part-time,Education,0
42429.74,4212.1,599,0.1299,0,56.9,9.5,0.0459,0.056,Full-time,Major Purchase,0
49890.06,15997.82,471,0.2714,2,52.1,2.9,0.1642,0.1447,Full-time,Business,1
55268.08,23154.36,747,0.0839,0,80.0,9.6,0.1115,0.2248,Full-time,Debt Consolidation,0
55005.97,21933.94,611,0.2755,0,58.5,3.7,0.1318,0.143,Full-time,Education,0
49521.3,13846.26,640,0.0928,1,75.6,12.5,0.1048,0.0917,Full-time,Debt Consolidation,0
78328.76,14502.46,661,0.1873,0,58.6,1.2,0.0617,0.05,Full-time,Debt Consolidation,0
61443.95,31796.09,764,0.4777,0,100.0,4.9,0.1802,0.237,Full-time,Major Purchase,0
37385.25,16733.22,649,0.1373,1,61.6,5.4,0.166,0.1127,Self-employed,Home Improvement,0
20150.23,3027.24,671,0.0613,1,62.7,12.0,0.1175,0.0842,Full-time,Debt Consolidation,0
35453.28,28362.62,660,0.2851,1,89.2,5.2,0.2838,0.2261,Full-time,Home Improvement,0
44670.78,10537.67,634,0.4609,1,66.3,10.4,0.1578,0.0873,Part-time,Home Improvement,0
33055.96,18819.58,786,0.1419,0,100.0,6.0,0.1675,0.193,Full-time,Debt Consolidation,0
91825.71,7830.08,624,0.4504,1,89.4,7.4,0.0688,0.05,Full-time,Major Purchase,0
85694.67,23108.61,789,0.1805,0,92.9,12.9,0.0799,0.0754,Full-time,Education,0
60184.06,7418.79,668,0.4698,0,100.0,13.0,0.0858,0.05,Full-time,Debt Consolidation,0
78396.2,4415.87,723,0.2501,0,83.6,4.2,0.0365,0.05,Full-time,Home Improvement,0
59310.94,20989.16,723,0.7004,0,68.2,2.2,0.17,0.1459,Full-time,Business,0
58351.52,3747.81,734,0.2078,0,83.0,6.2,0.0411,0.05,Full-time,Major Purchase,0
83092.13,8463.47,676,0.1825,0,97.2,8.9,0.0403,0.0529,Full-time,Debt Consolidation,0
53443.35,20517.67,617,0.4831,0,35.5,11.7,0.1572,0.1162,Full-time,Debt Consolidation,0
72641.37,3517.73,560,0.0439,1,38.8,10.8,0.0325,0.05,Full-time,Home Improvement,0
24101.14,19280.91,716,0.4813,0,81.1,7.5,0.3358,0.2067,Full-time,Debt Consolidation,0
43756.89,2955.84,488,0.1049,1,34.1,6.4,0.0609,0.05,Full-time,Debt Consolidation,1
56729.98,33711.78,752,0.2257,0,100.0,4.5,0.1713,0.258,Full-time,Home Improvement,0
70918.82,28586.23,684,0.2146,0,83.4,11.4,0.1185,0.1626,Full-time,Education,0
63818.94,4379.08,617,0.3428,0,67.9,3.7,0.0551,0.05,Full-time,Debt Consolidation,0
62712.59,33946.69,726,0.2122,0,92.6,5.9,0.1543,0.1532,Full-time,Debt Consolidation,0
45936.91,2376.57,663,0.2822,0,72.0,3.9,0.0566,0.05,Full-time,Major Purchase,1
30728.03,2516.81,658,0.0892,1,68.1,13.0,0.0796,0.05,Full-time,Debt Consolidation,0
12426.46,9941.16,645,0.3833,1,68.7,4.7,0.5107,0.3265,Full-time,Debt Consolidation,1
28312.08,6042.83,566,0.2385,1,62.0,4.7,0.1543,0.0531,Part-time,Education,0
73046.91,18441.85,659,0.3583,0,43.2,4.3,0.0959,0.0739,Part-time,Home Improvement,0
55379.03,26052.89,606,0.4345,0,57.8,2.8,0.1694,0.2609,Part-time,Home Improvement,0
34642.03,10004.95,638,0.3189,2,79.7,3.3,0.2049,0.126,Self-employed,Debt Consolidation,0
229888.76,15780.93,771,0.3177,0,100.0,5.0,0.0264,0.05,Full-time,Debt Consolidation,1
48270.88,3974.42,661,0.4202,0,87.4,5.2,0.0824,0.05,Full-time,Home Improvement,0
34461.2,14763.57,624,0.5463,0,64.9,9.9,0.217,0.1075,Full-time,Debt Consolidation,0
61126.82,4785.12,685,0.2219,0,83.8,3.0,0.0449,0.05,Full-time,Education,0
57172.3,45737.84,646,0.3868,2,62.8,1.9,0.2827,0.239,Part-time,Debt Consolidation,1
75127.13,2582.62,551,0.0918,0,50.2,3.5,0.0171,0.05,Full-time,Debt Consolidation,0
67792.31,15354.8,587,0.1859,0,63.2,9.0,0.0741,0.0991,Unemployed,Business,1
58513.6,5066.3,698,0.187,2,74.5,5.3,0.0848,0.05,Full-time,Debt Consolidation,0
152871.54,3929.84,664,0.1925,1,52.6,2.8,0.0231,0.05,Full-time,Home Improvement,0
62465.51,49972.41,697,0.2982,0,96.8,3.5,0.2264,0.2564,Full-time,Debt Consolidation,0
55915.18,18734.5,774,0.3481,0,87.6,4.1,0.1252,0.1366,Full-time,Business,0
78390.62,16800.4,795,0.3719,0,94.0,6.5,0.0856,0.0533,Full-time,Education,0
111962.36,78065.66,652,0.4202,1,70.5,6.7,0.2051,0.3333,Self-employed,Business,1
78013.6,34894.28,688,0.0606,0,49.4,1.3,0.1129,0.1179,Full-time,Major Purchase,0
52390.35,41912.28,607,0.1882,0,94.8,8.2,0.2179,0.2606,Full-time,Major Purchase,0
50373.08,18858.85,556,0.2283,1,24.4,5.8,0.1463,0.1097,Self-employed,Home Improvement,1
102867.58,10137.89,769,0.3263,0,86.8,4.9,0.0465,0.05,Full-time,Major Purchase,0
69522.2,24777.25,626,0.2954,2,53.7,15.2,0.1506,0.1023,Full-time,Debt Consolidation,0
53468.51,39274.15,477,0.4012,0,29.4,3.4,0.2303,0.205,Self-employed,Home Improvement,1
81204.86,2499.99,621,0.1426,0,69.2,4.2,0.02,0.05,Full-time,Home Improvement,0
56921.92,2379.89,765,0.5722,1,86.0,2.1,0.1035,0.05,Full-time,Home Improvement,0
29080.19,17701.27,701,0.192,1,63.7,4.5,0.2349,0.1684,Part-time,Debt Consolidation,0
188748.02,29475.86,630,0.472,0,78.7,6.2,0.0555,0.0688,Part-time,Debt Consolidation,1
17310.45,13848.36,712,0.1171,0,83.3,5.3,0.2407,0.4198,Full-time,Education,0
100954.79,30456.32,798,0.2913,0,81.1,7.3,0.0932,0.1499,Part-time,Debt Consolidation,0
58681.11,36772.96,674,0.1589,0,51.3,7.3,0.1699,0.2349,Full-time,Debt Consolidation,0
28105.82,5227.05,642,0.6043,0,71.4,8.4,0.1994,0.0699,Self-employed,Debt Consolidation,0
63836.77,39705.98,672,0.1633,0,52.3,11.3,0.1677,0.1761,Full-time,Debt Consolidation,0
56576.32,15039.78,774,0.0936,0,99.4,11.9,0.0757,0.0845,Full-time,Home Improvement,0
159840.59,6476.84,656,0.1104,2,77.4,7.8,0.0297,0.05,Full-time,Business,0
90979.35,11148.56,626,0.3873,1,47.6,8.5,0.0733,0.05,Full-time,Education,0
18663.16,14930.53,738,0.2193,0,67.0,8.6,0.2766,0.3758,Part-time,Major Purchase,0
20502.82,9363.66,694,0.2949,1,93.1,6.9,0.2717,0.2228,Part-time,Home Improvement,0
47332.7,10270.0,681,0.5254,0,74.7,1.7,0.132,0.065,Full-time,Education,0
57499.13,34571.1,685,0.2298,0,88.2,4.0,0.1731,0.2015,Part-time,Debt Consolidation,0
84623.29,38686.08,642,0.1711,0,73.6,4.7,0.1243,0.2322,Full-time,Debt Consolidation,0
51226.27,40981.02,628,0.0694,0,44.1,4.3,0.2018,0.3305,Full-time,Major Purchase,0
60912.86,15395.46,698,0.1162,0,63.5,1.0,0.0744,0.1553,Full-time,Debt Consolidation,0
46159.75,12527.69,741,0.3209,1,85.9,9.5,0.1412,0.1032,Part-time,Education,0
92344.64,3254.18,500,0.6045,1,40.8,5.1,0.0686,0.05,Full-time,Debt Consolidation,1
37721.5,5462.01,637,0.1934,0,61.5,4.3,0.0717,0.0877,Full-time,Debt Consolidation,0
120213.11,39476.66,481,0.22,0,51.8,2.4,0.092,0.0811,Part-time,Major Purchase,1
56939.3,15796.73,671,0.4684,0,68.6,6.3,0.1258,0.1053,Full-time,Debt Consolidation,0
48537.16,2430.46,584,0.1454,1,56.7,9.7,0.0583,0.05,Full-time,Debt Consolidation,0
90122.24,8770.64,758,0.2622,1,96.4,4.5,0.0576,0.05,Part-time,Major Purchase,0
25638.63,5786.02,626,0.2259,0,87.8,3.8,0.1176,0.074,Full-time,Home Improvement,0
16058.19,12846.55,676,0.3595,0,63.7,3.8,0.3532,0.3168,Full-time,Debt Consolidation,0
67298.38,48734.13,627,0.3054,0,61.7,6.8,0.2065,0.3505,Full-time,Debt Consolidation,0
50397.72,19341.82,519,0.2948,0,44.3,4.3,0.1342,0.1038,Full-time,Debt Consolidation,1
63141.14,16390.49,709,0.5969,0,100.0,3.5,0.1304,0.0825,Full-time,Debt Consolidation,0
30043.48,24034.79,807,0.3763,0,99.6,2.0,0.2822,0.2981,Full-time,Debt Consolidation,0
70885.12,4753.77,712,0.2103,0,76.6,5.6,0.0375,0.05,Full-time,Debt Consolidation,0
40492.17,32393.74,598,0.4657,0,69.2,9.2,0.2748,0.391,Full-time,Debt Consolidation,0
95808.05,32582.62,780,0.1514,0,100.0,5.1,0.093,0.1115,,Debt Consolidation,0
69193.74,36414.64,737,0.5969,1,79.8,5.4,0.2058,0.164,Full-time,Home Improvement,0
49963.75,17922.39,679,0.4068,1,91.2,5.6,0.1687,0.0997,Full-time,Major Purchase,1
79814.15,3032.09,633,0.081,0,59.3,1.6,0.0164,0.05,Part-time,Business,0
83901.0,18632.86,791,0.0916,0,100.0,5.1,0.0612,0.066,Full-time,Debt Consolidation,0
35812.96,28650.37,641,0.1003,0,25.7,5.0,0.2122,0.2028,Self-employed,Debt Consolidation,0
20909.4,6118.12,534,0.0989,0,77.3,5.9,0.1043,0.0797,Full-time,Debt Consolidation,0
28441.72,9503.66,672,0.2139,0,58.1,6.2,0.1343,0.1227,Full-time,Debt Consolidation,0
31666.92,7085.41,746,0.0621,0,77.8,3.2,0.0678,0.1376,Full-time,Education,0
16488.96,13191.17,677,0.3255,0,47.7,18.1,0.3341,0.2399,Part-time,Education,0
53554.65,13412.77,666,0.2755,0,64.4,15.0,0.0971,0.131,Full-time,Debt Consolidation,0
53449.35,4475.88,716,0.1216,0,86.0,3.4,0.0365,0.05,Full-time,Debt Consolidation,0
55451.93,3951.02,830,0.2798,0,81.0,4.8,0.0534,0.05,Self-employed,Debt Consolidation,0
69109.63,15181.03,817,0.2851,3,98.5,4.2,0.1345,0.0646,Full-time,Home Improvement,0
81117.1,9366.25,692,0.2847,0,72.4,4.4,0.053,0.05,Full-time,Debt Consolidation,1
57354.33,10518.29,476,0.2663,0,48.2,3.3,0.0774,0.1061,Part-time,Debt Consolidation,1
58858.55,9078.3,636,0.5366,0,60.2,10.2,0.1027,0.0559,Full-time,Business,0
33206.65,26565.32,692,0.2147,0,64.9,8.1,0.2385,0.2546,Part-time,Debt Consolidation,0
55357.15,3285.19,601,0.4034,1,54.4,2.4,0.0884,0.05,Full-time,Debt Consolidation,0
46973.81,19295.78,492,0.1354,0,47.9,5.1,0.1193,0.2117,Full-time,Debt Consolidation,1
30466.58,11165.06,562,0.1551,0,48.6,4.8,0.1246,0.1195,Full-time,Debt Consolidation,0
40565.28,3854.55,777,0.1951,1,93.2,10.5,0.087,0.05,Self-employed,Education,0
15070.77,12056.62,753,0.268,0,88.6,8.1,0.32,0.1871,Full-time,Major Purchase,0
32699.16,2598.87,693,0.129,0,87.7,2.6,0.0475,0.05,Self-employed,Home Improvement,0
41842.51,9321.84,683,0.0926,1,93.3,14.2,0.0981,0.1004,Self-employed,Debt Consolidation,0
52947.2,14382.84,527,0.2838,0,21.4,3.5,0.1038,0.0901,Full-time,Debt Consolidation,1
123012.03,14785.2,583,0.2054,0,73.1,5.8,0.0409,0.0662,Full-time,Debt Consolidation,0
90452.73,15132.81,633,0.4116,1,63.5,9.8,0.0862,0.05,Full-time,Debt Consolidation,0
26901.1,7935.81,588,0.1498,0,42.7,11.4,0.1109,0.1109,Full-time,Business,0
48122.41,6754.34,582,0.3959,0,72.1,5.0,0.0929,0.0759,Full-time,Business,0
62090.73,47681.09,706,0.3826,1,,,0.248,0.358,Full-time,Debt Consolidation,0
26625.47,21300.38,766,0.1946,0,84.1,8.0,0.2446,0.3704,Full-time,Home Improvement,0
40084.19,7214.25,688,0.3708,0,88.6,13.1,0.1098,0.05,Full-time,Debt Consolidation,0
29613.48,23690.79,764,0.0267,0,100.0,7.2,0.1985,0.3032,Part-time,Major Purchase,1
149447.13,20287.49,605,0.1279,2,58.5,3.0,0.0548,0.05,Full-time,Home Improvement,0
61102.49,33925.14,589,0.3053,0,61.3,9.8,0.1692,0.2156,Part-time,Debt Consolidation,0
28874.51,8198.52,759,0.5431,0,75.2,2.8,0.2036,0.0815,Part-time,Debt Consolidation,0
72392.26,9969.09,649,0.3473,1,60.8,2.5,0.0842,0.0589,Full-time,Debt Consolidation,0
43804.13,19023.13,735,0.2135,0,76.2,8.2,0.1393,0.1047,Full-time,Major Purchase,0
58165.08,26073.63,821,0.1669,1,90.2,6.0,0.1489,0.1069,Full-time,Home Improvement,0
72785.91,18021.92,641,0.1311,0,46.1,4.6,0.0724,0.0696,Part-time,Debt Consolidation,0
16064.92,12851.94,671,0.3099,0,46.2,1.9,0.3309,0.2319,Full-time,Debt Consolidation,1
80313.31,23311.27,584,0.1278,2,39.6,6.3,0.111,0.166,Full-time,Business,0
48474.72,9268.51,614,0.2713,0,38.0,3.3,0.0862,0.0694,Full-time,Major Purchase,0
44175.57,20590.91,643,0.6923,1,86.8,6.3,0.2519,0.1299,Full-time,Major Purchase,0
60575.1,4675.4,681,0.2289,0,67.5,6.4,0.0457,0.05,Full-time,Debt Consolidation,0
39607.59,16188.02,623,0.1141,0,92.2,8.9,0.1188,0.16,Self-employed,Home Improvement,0
50381.04,17294.86,439,0.68,1,40.9,3.4,0.2034,0.1211,Full-time,Debt Consolidation,1
61411.82,2530.98,634,0.1412,1,71.2,3.8,0.046,0.05,Full-time,Major Purchase,0
76688.64,3335.75,673,0.0247,0,54.5,5.5,0.0128,0.05,Full-time,Debt Consolidation,0
82173.08,2212.04,606,0.1601,1,70.2,7.3,0.0351,0.05,Full-time,Debt Consolidation,0
73536.23,10927.5,620,0.852,0,27.9,5.3,0.1191,0.076,Full-time,Education,1
18358.61,4583.37,756,0.171,0,100.0,6.1,0.127,0.084,Full-time,Home Improvement,0
41102.22,2606.45,528,0.3798,1,44.7,15.5,0.1109,0.05,Full-time,Education,0
59273.97,16877.82,563,0.1695,0,48.8,4.6,0.0889,0.101,Full-time,Education,0
41518.46,33214.77,599,0.2743,0,42.6,6.8,0.2396,0.2976,Full-time,Debt Consolidation,1
67064.29,11707.68,777,0.1678,0,83.9,3.7,0.0599,0.0546,Full-time,Debt Consolidation,0
30001.87,24001.5,631,0.6661,0,80.2,3.8,0.3518,0.398,Full-time,Major Purchase,1
27146.09,21716.87,635,0.1157,0,81.6,6.6,0.2227,0.228,Full-time,Debt Consolidation,0
85310.95,22972.54,625,0.3076,0,100.0,7.2,0.0906,0.0754,Part-time,Debt Consolidation,0
89558.93,45403.78,620,0.4248,1,73.2,7.9,0.1692,0.2259,Part-time,Debt Consolidation,0
42358.32,18112.59,696,0.1576,1,100.0,2.3,0.1577,0.147,Full-time,Business,0
86171.01,38924.72,644,0.3343,0,90.7,13.8,0.1363,0.1574,Self-employed,Debt Consolidation,0
49915.23,2224.71,701,0.3428,0,98.0,5.7,0.0601,0.05,Full-time,Debt Consolidation,0
42537.29,34029.83,601,0.3705,0,40.1,9.4,0.2547,0.2721,Full-time,Debt Consolidation,1
71049.41,21216.63,565,0.2559,0,67.9,8.2,0.0976,0.0969,Full-time,Home Improvement,0
36980.55,12603.74,647,0.0332,0,47.9,6.7,0.0883,0.0902,Full-time,Home Improvement,0
116380.2,15891.4,683,0.1005,1,94.3,3.6,0.0493,0.05,Full-time,Home Improvement,1
79485.64,14075.04,596,0.1183,0,75.7,17.8,0.0532,0.092,Full-time,Debt Consolidation,0
153211.32,3173.62,536,0.04,0,37.3,5.2,0.01,0.05,Full-time,Debt Consolidation,0
63194.16,11231.82,731,0.328,0,70.4,6.4,0.08,0.0793,Full-time,Home Improvement,0
31303.59,12132.95,730,0.1701,0,73.7,10.1,0.1321,0.1746,Full-time,Debt Consolidation,0
49433.99,33334.56,684,0.2351,1,54.1,9.2,0.2204,0.1796,Part-time,Home Improvement,0
73846.91,4430.38,694,0.8865,1,70.2,5.4,0.1171,0.05,Full-time,Home Improvement,0
71713.85,4360.63,671,0.3795,1,97.8,11.3,0.0694,0.05,Full-time,Debt Consolidation,0
50177.24,4246.32,575,0.1924,0,52.6,4.6,0.0479,0.05,Full-time,Debt Consolidation,1
68118.63,19924.4,799,0.0975,0,74.2,5.9,0.0805,0.1422,Full-time,Major Purchase,0
96132.14,34828.75,710,0.5269,0,76.7,7.7,0.1264,0.0881,Full-time,Business,0
15150.39,12120.31,615,0.1736,0,49.2,8.0,0.2745,0.1823,Full-time,Debt Consolidation,0
110969.69,10475.14,802,0.2993,0,88.1,2.6,0.0421,0.05,Self-employed,Major Purchase,0
62384.65,30883.32,660,0.6648,0,75.8,2.6,0.1955,0.1204,Full-time,Home Improvement,0
79891.64,5768.83,778,0.0393,0,92.3,6.0,0.0209,0.05,Self-employed,Debt Consolidation,0
48154.28,6309.56,652,0.2283,0,83.2,2.8,0.0656,0.0827,Full-time,Business,0
65937.77,7183.54,648,0.2767,0,60.1,5.4,0.0564,0.05,Part-time,Debt Consolidation,0
22451.66,6866.82,733,0.6476,0,79.4,6.3,0.2811,0.1345,Full-time,Debt Consolidation,0
83603.43,6567.13,758,0.3627,1,60.2,5.5,0.0644,0.05,Full-time,Debt Consolidation,0
50890.06,15679.0,684,0.1978,1,91.7,2.8,0.1255,0.1859,Full-time,Home Improvement,0
40987.19,32789.75,602,0.1823,1,53.3,3.3,0.2533,0.2309,Full-time,Debt Consolidation,1
74871.16,8475.46,551,0.0339,1,60.7,5.8,0.0465,0.05,Full-time,Home Improvement,0
32276.39,25821.11,596,0.2283,0,47.8,5.6,0.2429,0.3527,Part-time,Debt Consolidation,1
53200.27,19956.15,700,0.2249,0,59.1,5.9,0.1205,0.1121,Full-time,Debt Consolidation,0
31486.99,3353.9,612,0.2505,0,56.5,5.8,0.0828,0.05,Part-time,Home Improvement,0
63523.14,9216.3,661,0.2619,0,60.2,9.0,0.0645,0.0703,Full-time,Business,0
33662.12,12950.75,664,0.1768,0,95.4,3.4,0.1301,0.1778,Full-time,Debt Consolidation,0
31015.1,10171.01,625,0.3492,1,69.7,6.7,0.1985,0.1382,Full-time,Home Improvement,0
52869.83,42295.86,587,0.6414,0,55.9,5.0,0.2794,0.1879,Full-time,Debt Consolidation,1
105597.94,15808.06,700,0.2064,0,61.9,10.8,0.05,0.05,Full-time,Debt Consolidation,0
65056.17,19337.15,709,0.3315,0,64.2,4.1,0.108,0.0877,Full-time,Home Improvement,0
56038.96,5826.59,630,0.1581,1,70.5,6.2,0.0667,0.05,Part-time,Major Purchase,0
62773.6,26933.1,625,0.2187,0,45.4,8.9,0.1281,0.1312,Full-time,Home Improvement,0
40035.39,32028.31,627,0.1457,0,49.3,3.5,0.2182,0.1888,Part-time,Debt Consolidation,0
85204.72,44994.0,614,0.3713,0,37.9,7.5,0.1581,0.2396,Unemployed,Debt Consolidation,1
51852.28,38320.5,665,0.2046,1,85.4,5.5,0.2289,0.2022,Full-time,Debt Consolidation,0
106417.89,19170.29,717,0.0682,0,100.0,1.0,0.0478,0.0783,Full-time,Major Purchase,1
79118.44,2657.03,657,0.2278,0,99.7,4.9,0.0288,0.05,Full-time,Home Improvement,0
111773.98,32518.73,793,0.0619,1,86.8,12.0,0.0845,0.078,Full-time,Home Improvement,0
51414.36,12151.01,762,0.2869,0,80.7,4.4,0.0969,0.0642,Self-employed,Home Improvement,0
59528.87,5381.38,632,0.33,0,,,0.0616,0.05,Part-time,Debt Consolidation,0
85666.66,16702.46,631,0.1527,2,56.9,6.3,0.0876,0.0597,Full-time,Home Improvement,0
85903.09,33752.64,605,0.2982,0,62.7,2.5,0.1193,0.1534,Full-time,Home Improvement,0
86614.35,14315.77,638,0.0702,0,65.6,2.3,0.0455,0.05,Full-time,Business,0
32446.72,25957.37,663,0.5711,0,74.7,7.9,0.3187,0.1897,Self-employed,Home Improvement,0
39597.71,10555.7,728,0.3643,2,100.0,6.7,0.1908,0.0718,Full-time,Home Improvement,0
59366.74,9142.61,661,0.3545,0,85.5,5.7,0.08,0.05,Full-time,Business,0
37776.99,10694.31,736,0.3226,0,74.9,2.3,0.1294,0.126,Unemployed,Debt Consolidation,0
28398.7,7928.19,830,0.4237,0,80.7,7.1,0.1744,0.0694,Part-time,Debt Consolidation,0
52234.0,14905.15,642,0.0867,0,51.8,11.5,0.0804,0.0913,Full-time,Debt Consolidation,0
20762.07,16609.66,616,0.2666,1,75.1,9.6,0.3423,0.1978,Self-employed,Debt Consolidation,0
40678.88,10466.3,608,0.4297,1,41.1,4.6,0.1673,0.0634,Full-time,Debt Consolidation,1
64281.88,12709.58,721,0.2672,2,72.7,2.7,0.1147,0.0698,Self-employed,Major Purchase,0
35191.61,24319.07,574,0.622,0,61.5,5.4,0.2931,0.161,Full-time,Home Improvement,1
32253.27,9851.84,812,0.3423,1,100.0,5.7,0.1869,0.0826,Full-time,Home Improvement,0
107338.26,56553.52,760,0.3853,0,100.0,5.3,0.1523,0.1614,Full-time,Major Purchase,0
79971.29,10042.0,654,0.4737,0,71.8,6.4,0.0728,0.0567,Full-time,Major Purchase,0
56486.41,44321.91,623,0.0087,0,88.7,1.9,0.1894,0.4085,Full-time,Business,0
91944.58,24285.68,518,0.0092,0,47.6,6.1,0.0641,0.1044,Full-time,Debt Consolidation,0
52381.36,23715.38,585,0.1738,0,47.7,8.5,0.1326,0.1258,Full-time,Home Improvement,0
44739.05,14795.56,733,0.3247,0,85.8,9.1,0.1316,0.0999,Full-time,Debt Consolidation,0
38969.45,6228.36,525,0.4612,1,66.3,3.4,0.1544,0.0515,Full-time,Debt Consolidation,1
160068.11,23866.77,796,0.3114,1,91.8,4.8,0.0573,0.05,Full-time,Business,0
71685.74,16777.19,676,0.3534,1,76.1,4.0,0.1084,0.0701,Full-time,Home Improvement,0
70085.46,7129.08,570,0.3349,0,50.6,6.4,0.0588,0.05,Full-time,Debt Consolidation,0
42575.62,34060.49,710,0.2149,0,80.6,2.5,0.2283,0.1903,Full-time,Debt Consolidation,0
19530.66,15624.53,761,0.3396,1,86.7,4.1,0.3787,0.2255,Full-time,Business,0
61904.59,8466.77,690,0.2528,0,79.7,2.6,0.0622,0.05,Full-time,Debt Consolidation,0
60448.69,19769.3,698,0.1529,0,91.6,3.0,0.0967,0.1126,Full-time,Debt Consolidation,0
92037.48,33173.16,678,0.0415,1,68.9,8.9,0.1028,0.2137,Part-time,Debt Consolidation,0
66036.52,17919.8,776,0.4875,0,90.4,4.8,0.1183,0.0887,Part-time,Debt Consolidation,0
37310.71,3661.73,554,0.3298,0,38.5,9.3,0.0872,0.05,Full-time,Major Purchase,0
56060.99,17109.35,593,0.3901,0,31.5,6.4,0.1233,0.0813,Unemployed,Debt Consolidation,1
38686.89,29667.69,624,0.0883,0,70.6,8.3,0.2005,0.3289,Full-time,Major Purchase,0
34057.98,11698.3,697,0.4807,0,59.1,8.2,0.184,0.0868,Full-time,Home Improvement,0
73051.02,13487.88,623,0.2244,2,90.0,0.9,0.0993,0.0982,,Home Improvement,0
43185.04,3634.25,619,0.433,0,46.9,4.8,0.0924,0.0505,Full-time,Debt Consolidation,0
84772.53,32391.3,731,0.2042,0,73.8,4.5,0.109,0.1488,Full-time,Debt Consolidation,0
78027.27,19577.66,768,0.0922,0,89.0,3.2,0.0687,0.1049,Full-time,Business,0
31823.7,25458.96,654,0.3735,1,69.6,6.0,0.3142,0.312,Part-time,Home Improvement,0
180194.28,15728.83,638,0.3586,0,65.5,3.7,0.0353,0.05,Self-employed,Debt Consolidation,1
86668.25,28793.63,715,0.3492,0,84.7,5.6,0.1087,0.1426,Full-time,Home Improvement,0
50649.68,40519.74,716,0.5065,0,100.0,6.2,0.264,0.3669,Unemployed,Debt Consolidation,0
41413.66,33130.93,618,0.1483,0,80.5,3.9,0.2178,0.3638,Full-time,Debt Consolidation,0
53070.15,15601.32,752,0.2977,3,98.3,3.2,0.1788,0.0756,Full-time,Home Improvement,0
83293.31,20571.09,798,0.5146,0,100.0,4.5,0.1038,0.1447,Full-time,Home Improvement,0
44151.3,30227.06,657,0.1814,1,57.5,10.0,0.2211,0.2612,Full-time,Debt Consolidation,0
75820.39,46245.97,659,0.4817,2,48.8,2.4,0.2238,0.2046,Full-time,Debt Consolidation,1
44631.28,5308.79,586,0.1335,0,47.4,8.8,0.0501,0.0685,Full-time,Debt Consolidation,0
29393.38,23514.7,656,0.2832,0,66.3,7.1,0.2614,0.211,Unemployed,Major Purchase,1
127882.85,7259.41,562,0.2328,2,60.4,4.1,0.0455,0.05,Part-time,Business,1
126619.58,32388.31,597,0.5273,1,39.4,6.8,0.1009,0.0645,Full-time,Major Purchase,1
110722.62,15446.03,584,0.4379,0,81.9,5.5,0.062,0.05,Full-time,Debt Consolidation,0
53725.5,32244.19,767,0.308,0,100.0,4.2,0.1853,0.2403,Full-time,Debt Consolidation,0
50273.44,40218.75,650,0.3845,1,87.7,5.6,0.2709,0.3142,Part-time,Debt Consolidation,0
37544.15,3992.87,660,0.1558,0,,,0.0554,0.05,Full-time,Debt Consolidation,1
72706.66,34995.25,722,0.3812,0,86.9,7.8,0.1533,0.1486,Part-time,Home Improvement,0
62696.2,7150.76,612,0.173,1,51.9,9.9,0.0664,0.0501,Unemployed,Home Improvement,1
45153.29,5289.35,662,0.3474,2,83.6,7.7,0.1367,0.05,Full-time,Debt Consolidation,0
48487.4,8837.08,533,0.2695,0,48.3,5.7,0.0838,0.0528,Full-time,Debt Consolidation,0
136351.3,6877.67,542,0.3915,0,,,0.0328,0.05,Full-time,Home Improvement,0
63033.44,8243.54,499,0.679,1,28.1,3.3,0.128,0.05,Full-time,Debt Consolidation,1
166378.8,11369.94,720,0.1725,0,68.5,7.1,0.0239,0.05,Full-time,Debt Consolidation,0
224534.81,2689.44,576,0.26,0,49.2,4.0,0.0112,0.05,Full-time,Home Improvement,0
26836.8,5145.87,566,0.2367,0,58.4,3.7,0.1095,0.0791,Part-time,Debt Consolidation,1
24143.32,2782.39,673,0.3693,0,57.2,7.6,0.1378,0.0561,Full-time,Debt Consolidation,0
26426.43,3556.61,582,0.1918,0,82.5,0.7,0.0846,0.0686,Full-time,Business,0
43861.01,20871.87,629,0.4406,1,75.5,7.2,0.2139,0.1664,Full-time,Education,0
38847.55,8748.27,738,0.1882,0,82.1,2.1,0.0889,0.0695,Unemployed,Debt Consolidation,0
38609.58,5573.54,670,0.671,0,58.0,5.4,0.1598,0.0694,Full-time,Debt Consolidation,0
66445.17,38179.34,641,0.4784,0,55.0,5.1,0.1897,0.2204,Full-time,Home Improvement,0
39721.96,5745.98,645,0.0291,0,90.7,10.8,0.04,0.05,Full-time,Debt Consolidation,0
42773.18,16248.09,662,0.0861,1,58.5,4.2,0.1337,0.2221,Part-time,Debt Consolidation,0
70535.11,23563.56,757,0.0601,1,75.3,4.9,0.1033,0.1448,Full-time,Home Improvement,0
45256.34,15680.33,633,0.3051,0,63.4,10.2,0.1317,0.1409,Full-time,Major Purchase,0
42279.86,10103.59,666,0.4249,1,76.7,8.0,0.1581,0.0664,Full-time,Home Improvement,0
76799.99,35728.5,585,0.1827,0,78.8,2.7,0.1288,0.1863,,Debt Consolidation,0
92848.12,6828.71,641,0.0828,0,76.6,5.7,0.0241,0.05,Self-employed,Debt Consolidation,0
65535.34,52428.27,588,0.1033,0,83.8,6.2,0.2034,0.2463,Full-time,Home Improvement,1
126074.23,19777.42,663,0.121,1,57.8,4.3,0.0541,0.05,,Home Improvement,0
43175.92,8285.09,574,0.542,0,66.8,2.3,0.1364,0.0634,Part-time,Home Improvement,0
50286.86,5084.75,574,0.129,1,53.0,6.3,0.0666,0.05,Full-time,Debt Consolidation,0
23148.04,13524.13,710,0.0964,0,83.2,7.4,0.1702,0.1946,Self-employed,Major Purchase,0
62762.47,20698.36,687,0.2235,0,93.9,6.5,0.1048,0.1103,Full-time,Debt Consolidation,0
58955.82,11954.1,850,0.5722,1,94.0,3.6,0.1389,0.0688,Full-time,Major Purchase,0
70615.21,20582.42,496,0.1934,0,54.4,6.2,0.0897,0.0953,Full-time,Home Improvement,0
115032.73,4066.01,616,0.1673,0,63.7,1.4,0.019,0.05,Full-time,Home Improvement,0
45036.16,22170.11,696,0.2898,0,69.7,3.4,0.1645,0.1979,Full-time,Debt Consolidation,0
38538.62,2864.74,567,0.5201,0,51.7,2.1,0.115,0.05,Full-time,Home Improvement,0
81904.46,14645.53,619,0.086,0,80.2,7.0,0.0505,0.106,Full-time,Debt Consolidation,0
41039.14,16615.14,742,0.2782,1,73.8,7.6,0.1752,0.1212,Full-time,Business,0
13375.68,8178.24,729,0.2757,1,73.4,7.1,0.3849,0.1753,Full-time,Major Purchase,0
60538.96,27336.92,850,0.3111,0,87.4,2.5,0.1454,0.1205,Full-time,Debt Consolidation,0
81713.67,12488.81,670,0.1945,0,87.8,5.9,0.0538,0.0755,Self-employed,Home Improvement,0
74008.39,27866.38,720,0.695,0,100.0,4.5,0.158,0.1786,Full-time,Debt Consolidation,0
73276.55,18668.32,608,0.2811,0,65.6,6.1,0.0888,0.0684,,Major Purchase,0
30612.23,4711.98,534,0.3181,2,50.1,5.0,0.1901,0.0819,Full-time,Home Improvement,1
71227.14,3213.87,768,0.4637,0,89.0,6.0,0.0577,0.05,Part-time,Home Improvement,0
89147.09,11383.1,592,0.0779,0,56.9,10.3,0.0369,0.05,Full-time,Business,0
92253.54,9633.76,499,0.4598,0,38.0,8.6,0.0609,0.05,Full-time,Debt Consolidation,1
59122.48,8605.1,780,0.3906,0,96.0,5.5,0.0825,0.0584,Full-time,Major Purchase,0
56925.14,36689.55,644,0.1086,1,73.0,7.6,0.1895,0.1545,Full-time,Debt Consolidation,0
70040.29,6584.35,664,0.44,0,72.0,4.4,0.0678,0.05,,Debt Consolidation,0
41381.7,17111.6,744,0.6997,0,77.7,3.2,0.221,0.1305,Full-time,Home Improvement,0
104503.5,6230.38,699,0.0975,0,83.9,4.1,0.021,0.05,Full-time,Debt Consolidation,0
53970.02,30833.54,666,0.1762,0,57.6,5.1,0.1606,0.226,Full-time,Debt Consolidation,0
61880.88,17573.95,667,0.1684,0,79.8,3.9,0.0878,0.0877,Full-time,Debt Consolidation,0
120804.37,8208.64,731,0.3786,1,100.0,5.0,0.0488,0.05,Full-time,Debt Consolidation,0
23736.67,10360.86,640,0.2083,0,58.6,5.1,0.1679,0.1899,Unemployed,Debt Consolidation,1
66262.77,46623.87,797,0.6825,2,54.1,6.1,0.2793,0.1907,Full-time,Business,1
48871.47,8647.1,693,0.1128,0,60.7,2.7,0.0591,0.05,Full-time,Debt Consolidation,0
156118.21,39991.21,613,0.079,2,79.6,5.2,0.0805,0.0847,Full-time,Debt Consolidation,0
32987.92,14243.06,621,0.2675,0,88.5,2.9,0.162,0.1392,Part-time,Major Purchase,0
48395.69,38716.55,570,0.0938,0,34.1,4.3,0.206,0.3417,Part-time,Debt Consolidation,1
65168.58,21926.73,756,0.2184,0,100.0,2.6,0.1049,0.186,Full-time,Major Purchase,0
86850.56,39239.23,584,0.2712,0,65.3,13.8,0.1309,0.2337,Full-time,Major Purchase,0
44868.9,28123.43,720,0.4832,0,29.5,12.7,0.228,0.2568,Part-time,Debt Consolidation,0
132587.85,31897.62,547,0.2826,0,38.1,3.1,0.0731,0.1471,Self-employed,Debt Consolidation,1
50396.29,13540.35,722,0.4184,0,71.4,3.1,0.1243,0.0867,Full-time,Business,0
53298.75,4135.6,606,0.191,1,61.4,6.7,0.0669,0.05,Full-time,Debt Consolidation,0
19322.89,10035.96,666,0.1052,3,72.9,9.4,0.3502,0.1405,Full-time,Debt Consolidation,0
30419.26,6181.05,583,0.0653,0,61.3,9.7,0.0642,0.0528,Part-time,Home Improvement,0
38007.16,30405.73,632,0.4968,1,56.2,5.8,0.3177,0.2641,Full-time,Education,1
91745.9,15027.1,707,0.67,0,80.7,3.9,0.0919,0.0812,Full-time,Debt Consolidation,0
89179.59,4440.31,755,0.3011,1,97.2,2.6,0.0497,0.05,Full-time,Debt Consolidation,0
41574.0,33259.2,547,0.2034,0,33.1,2.2,0.2272,0.2013,Full-time,Debt Consolidation,1
75213.96,19275.23,680,0.3711,0,82.8,2.9,0.097,0.0628,Full-time,Debt Consolidation,0
72764.05,25365.73,569,0.3279,2,15.2,4.3,0.1491,0.17,Full-time,Debt Consolidation,1
53094.43,24661.93,603,0.2352,0,34.4,1.7,0.1434,0.1804,Full-time,Major Purchase,0
134193.57,11744.27,573,0.029,1,49.5,4.7,0.0315,0.05,Full-time,Business,0
60582.89,14617.75,619,0.2381,0,32.4,2.8,0.0862,0.0613,Full-time,Home Improvement,0
34008.69,15532.44,701,0.2607,1,73.0,7.0,0.2001,0.1186,Part-time,Major Purchase,0
45726.2,4541.72,627,0.1464,1,70.4,5.5,0.0731,0.05,Full-time,Home Improvement,0
41923.63,33538.9,707,0.2852,0,94.8,6.1,0.241,0.2264,Full-time,Home Improvement,0
22460.7,12376.0,655,0.1054,1,96.9,5.7,0.2195,0.1495,Full-time,Debt Consolidation,0
45678.1,7008.31,657,0.1281,0,86.5,7.6,0.057,0.0673,Full-time,Home Improvement,0
22905.04,18324.03,652,0.1354,0,47.8,1.3,0.2345,0.3468,Full-time,Major Purchase,0
34239.35,5848.31,678,0.046,1,86.4,6.7,0.0857,0.052,Full-time,Home Improvement,0
73147.33,30540.72,544,0.4745,1,51.0,5.1,0.1633,0.1284,Self-employed,Debt Consolidation,1
16620.87,4250.42,654,0.3399,0,55.6,2.3,0.2086,0.1445,Full-time,Debt Consolidation,0
36351.84,18951.44,637,0.4287,0,53.2,14.6,0.21,0.1474,Full-time,Home Improvement,0
56657.38,18261.03,620,0.3062,0,48.4,5.3,0.1163,0.141,Full-time,Debt Consolidation,1
59184.53,28498.5,778,0.4872,1,77.5,14.8,0.1951,0.1716,Full-time,Home Improvement,0
35501.91,9741.24,456,0.0547,2,26.0,3.5,0.1446,0.078,Part-time,Debt Consolidation,1
59402.02,31020.21,659,0.0619,0,60.0,10.0,0.1328,0.1531,Full-time,Home Improvement,0
62836.63,21891.07,630,0.0666,0,79.7,3.7,0.0912,0.1456,Full-time,Home Improvement,0
58469.65,23482.66,683,0.5712,0,80.2,5.8,0.1667,0.1059,Full-time,Debt Consolidation,0
43980.69,5277.27,585,0.2122,0,53.1,3.1,0.0635,0.05,Full-time,Major Purchase,0
74944.96,20420.38,695,0.0192,0,70.9,6.6,0.0672,0.074,Full-time,Debt Consolidation,0
111786.91,29725.99,696,0.3766,1,86.8,5.3,0.0988,0.0998,Self-employed,Major Purchase,0
42127.01,33625.79,725,0.2061,0,83.2,7.0,0.2268,0.2848,Part-time,Business,0
66891.61,53513.29,726,0.2566,1,91.5,4.4,0.2376,0.2418,Full-time,Business,0
106210.7,46390.03,585,0.1567,1,71.5,4.4,0.1267,0.1711,Full-time,Business,1
109035.57,16913.83,603,0.3473,0,69.5,4.0,0.0602,0.0519,Full-time,Home Improvement,0
84109.46,26984.1,613,0.1858,1,64.9,5.3,0.1072,0.0824,Full-time,Home Improvement,0
70127.13,18603.63,610,0.4201,0,65.0,3.0,0.1068,0.0898,Full-time,Debt Consolidation,0
77997.06,62397.65,713,0.1025,0,90.0,8.1,0.2015,0.1981,Self-employed,Education,0
29532.38,21607.8,670,0.2499,1,94.2,16.5,0.2772,0.2753,Full-time,Home Improvement,0
39296.95,31437.56,610,0.3234,1,48.4,4.8,0.2818,0.2847,Full-time,Home Improvement,1
76164.99,51215.17,570,0.0498,0,52.6,3.1,0.1661,0.2517,Part-time,Debt Consolidation,0
37400.35,5592.29,573,0.1915,0,60.7,8.7,0.0728,0.052,Full-time,Business,0
27202.06,21761.65,634,0.2553,1,47.6,6.0,0.3037,0.3417,Unemployed,Home Improvement,1
92962.19,5362.62,587,0.2262,0,53.8,8.8,0.0314,0.05,Full-time,Debt Consolidation,0
50252.89,40202.32,625,0.0573,0,100.0,6.3,0.2002,0.2253,Full-time,Major Purchase,0
42364.84,26265.68,661,0.2169,0,77.2,4.6,0.1857,0.2508,Full-time,Debt Consolidation,0
85043.66,6023.04,586,0.305,1,42.7,6.1,0.0569,0.05,Full-time,Debt Consolidation,0
31527.62,24586.1,678,0.4548,0,90.4,1.3,0.291,0.1807,Full-time,Debt Consolidation,0
47098.36,20539.65,620,0.0843,2,85.6,4.3,0.1685,0.114,Full-time,Home Improvement,0
48897.18,2880.99,626,0.1536,2,66.4,10.0,0.0858,0.05,Self-employed,Education,0
52755.82,30012.53,778,0.1786,1,93.7,2.1,0.1837,0.1594,Part-time,Business,0
99149.97,4794.16,631,0.1988,0,70.0,6.5,0.026,0.05,Full-time,Debt Consolidation,0
183020.56,35090.32,615,0.4289,0,31.9,7.9,0.0629,0.1024,Full-time,Debt Consolidation,0
52251.51,19119.35,594,0.5079,1,72.9,4.3,0.1808,0.1143,Full-time,Major Purchase,0
85198.77,41477.42,545,0.3199,0,61.1,7.4,0.1439,0.253,Full-time,Home Improvement,0
83825.52,30494.58,634,0.3096,0,68.5,2.3,0.1139,0.1078,Self-employed,Debt Consolidation,0
57403.36,37268.82,498,0.2569,1,47.4,4.4,0.2089,0.1548,Full-time,Major Purchase,1
47245.6,21930.47,673,0.1816,1,38.2,5.2,0.1645,0.143,Full-time,Debt Consolidation,0
29859.71,5204.34,635,0.0737,2,78.0,7.2,0.14,0.1054,Full-time,Major Purchase,0
96225.82,9793.64,585,0.294,0,81.6,12.8,0.0464,0.05,Full-time,Home Improvement,0
90772.6,7261.72,753,0.2565,0,86.1,4.8,0.0395,0.05,Full-time,Debt Consolidation,0
51356.52,18217.26,627,0.1281,0,100.0,5.0,0.1031,0.2002,Full-time,Major Purchase,0
71406.48,7914.62,636,0.5231,1,60.6,4.9,0.0962,0.05,Full-time,Debt Consolidation,0
63608.04,9958.77,819,0.3823,0,100.0,4.9,0.0809,0.0753,Full-time,Debt Consolidation,0
48860.42,39088.33,637,0.1089,0,68.1,8.6,0.208,0.2756,Full-time,Business,0
52149.33,13774.76,600,0.2419,0,67.8,1.5,0.0968,0.111,Full-time,Business,0
61239.43,39222.13,797,0.1732,1,100.0,3.1,0.1937,0.3475,Full-time,Debt Consolidation,0
155174.21,8157.07,541,0.3899,0,57.7,6.0,0.0307,0.05,Self-employed,Home Improvement,0
53876.14,23546.63,827,0.1541,0,81.3,5.3,0.1255,0.1341,Full-time,Home Improvement,0
45984.81,8135.96,752,0.3648,0,92.4,5.7,0.0996,0.05,Full-time,Debt Consolidation,0
31455.56,25164.45,809,0.5105,0,,,0.3089,0.2674,Full-time,Home Improvement,0
30332.39,24265.91,560,0.3845,0,78.2,8.3,0.2833,0.192,Full-time,Home Improvement,0
124333.25,10759.1,731,0.0549,0,84.8,6.0,0.0239,0.05,Full-time,Debt Consolidation,0
35865.22,10144.33,623,0.2072,1,57.6,5.1,0.1429,0.0695,Full-time,Debt Consolidation,0
35512.29,4161.65,737,0.1345,1,100.0,11.4,0.0892,0.0705,Full-time,Major Purchase,0
61056.81,5801.39,665,0.5557,2,75.3,4.6,0.1276,0.05,Full-time,Home Improvement,1
71100.27,2358.08,617,0.1714,0,70.7,6.1,0.0253,0.05,Full-time,Home Improvement,0
41168.29,18363.06,604,0.0068,0,84.1,1.2,0.1082,0.1977,Full-time,Debt Consolidation,0
138115.34,26008.64,611,0.3867,0,74.2,6.5,0.0654,0.057,Full-time,Debt Consolidation,0
19033.18,6681.09,733,0.1304,2,71.5,13.1,0.2597,0.1642,Full-time,Business,0
60065.59,7343.23,496,0.4892,0,33.3,16.0,0.088,0.0755,Full-time,Major Purchase,0
58253.34,19361.52,740,0.54,0,77.9,5.2,0.1465,0.1116,Full-time,Debt Consolidation,0
54627.17,25266.75,813,0.1708,0,100.0,2.8,0.1335,0.2238,Full-time,Debt Consolidation,0
63846.01,4256.07,807,0.1357,1,76.1,4.8,0.0501,0.05,Full-time,Debt Consolidation,0
25588.65,4035.09,584,0.1285,0,59.2,2.8,0.074,0.05,Self-employed,Home Improvement,0
88722.07,11587.09,669,0.1708,0,75.8,3.7,0.0452,0.0729,Full-time,Home Improvement,0
28598.35,2290.21,619,0.5718,0,42.7,5.8,0.1632,0.05,Part-time,Education,0
27340.99,8804.69,646,0.0222,0,73.8,8.4,0.0831,0.1023,Full-time,Debt Consolidation,0
38574.07,5533.28,636,0.41,0,71.4,6.0,0.111,0.0527,Full-time,Debt Consolidation,0
31253.47,9694.83,672,0.0797,0,65.6,8.7,0.0928,0.1048,Part-time,Major Purchase,0
58814.74,5039.28,628,0.4984,0,65.2,7.8,0.0816,0.05,,Debt Consolidation,1
31635.27,4677.65,700,0.2503,0,65.5,5.2,0.0925,0.065,Part-time,Education,0
32285.22,3663.78,599,0.3392,0,67.6,7.4,0.1029,0.05,Full-time,Debt Consolidation,0
33478.02,26782.41,711,0.1946,0,,,0.2338,0.4129,Full-time,Home Improvement,1
70240.09,19360.34,799,0.0393,0,77.3,5.4,0.0702,0.0724,Full-time,Major Purchase,0
25315.74,2648.85,658,0.0151,0,84.6,8.6,0.0294,0.05,Part-time,Debt Consolidation,0
162880.29,32848.67,627,0.2165,1,88.0,1.0,0.0653,0.0793,Full-time,Debt Consolidation,0
98420.97,18037.11,425,0.3862,0,33.0,9.4,0.0722,0.0642,Full-time,Home Improvement,1
56192.42,15077.65,633,0.4222,1,52.8,8.2,0.1398,0.0743,Full-time,Business,0
95113.33,14577.66,631,0.4359,0,75.4,6.9,0.0698,0.0645,Full-time,Business,0
49838.7,16108.23,583,0.0697,0,,,0.0876,0.1943,Self-employed,Debt Consolidation,0
80239.88,21410.93,543,0.2808,1,86.9,9.3,0.1042,0.1477,Full-time,Home Improvement,0
112990.53,15238.95,527,0.2999,0,34.2,2.2,0.0515,0.05,Full-time,Debt Consolidation,1
65099.97,16209.65,691,0.1607,0,65.1,5.9,0.0775,0.1142,Full-time,Debt Consolidation,0
69928.22,45231.15,596,0.1741,0,76.0,2.0,0.1732,0.3469,Full-time,Education,0
66232.94,52986.35,688,0.2399,0,86.2,5.4,0.2181,0.2614,Unemployed,Business,0
32960.76,26368.61,583,0.4997,1,66.5,5.7,0.3376,0.3159,Part-time,Debt Consolidation,1
122871.19,36533.03,554,0.057,1,68.3,1.7,0.0845,0.15,Self-employed,Home Improvement,0
36880.39,4156.64,764,0.5235,0,73.7,12.1,0.1293,0.05,Full-time,Major Purchase,0
58787.64,24837.31,698,0.3501,1,81.2,4.5,0.1647,0.117,Part-time,Debt Consolidation,0
35851.8,4600.74,676,0.3653,0,70.0,4.5,0.1042,0.05,Part-time,Home Improvement,0
50370.74,33508.43,678,0.631,0,78.6,1.7,0.2499,0.1887,Full-time,Debt Consolidation,0
52106.71,3254.86,789,0.5441,0,96.1,2.1,0.0902,0.05,Full-time,Home Improvement,0
63356.15,6701.9,624,0.4072,1,63.6,1.7,0.0906,0.05,Full-time,Home Improvement,0
128985.02,8276.42,673,0.2266,1,56.1,0.6,0.0374,0.05,Full-time,Debt Consolidation,0
46420.51,2291.38,836,0.2104,0,100.0,0.9,0.0445,0.05,Full-time,Debt Consolidation,0
100547.91,4877.39,693,0.1555,0,76.1,8.5,0.0228,0.05,Full-time,Debt Consolidation,0
49805.1,10905.96,712,0.1872,1,63.9,0.9,0.1037,0.0827,Full-time,Business,0
61374.68,6539.01,602,0.4509,1,,,0.098,0.05,Full-time,Debt Consolidation,0
94425.13,34849.52,649,0.0788,0,66.5,2.6,0.0946,0.1557,Full-time,Debt Consolidation,0
55252.52,36257.3,634,0.5587,0,61.3,12.3,0.2303,0.1797,Self-employed,Debt Consolidation,0
118471.34,17345.59,751,0.2729,0,98.9,12.1,0.0517,0.0546,Full-time,Debt Consolidation,0
28709.96,3501.45,713,0.139,0,82.2,3.9,0.0641,0.05,Self-employed,Debt Consolidation,0
46127.46,29691.85,723,0.1014,0,93.3,1.8,0.1703,0.2904,Full-time,Major Purchase,0
44230.83,34004.62,709,0.094,1,87.8,6.7,0.227,0.351,Full-time,Debt Consolidation,0
72016.05,20506.43,765,0.4305,1,98.8,4.7,0.128,0.143,Full-time,Debt Consolidation,0
104979.03,15044.04,602,0.1891,1,66.7,8.9,0.0588,0.0673,Full-time,Major Purchase,0
69682.86,4592.99,643,0.469,0,59.2,1.3,0.0643,0.05,Full-time,Home Improvement,0
66904.68,26398.79,683,0.2224,1,73.8,7.6,0.1366,0.1648,Full-time,Home Improvement,0
97034.08,77627.26,714,0.06,0,85.6,4.2,0.1965,0.3658,Full-time,Debt Consolidation,0
71927.24,9921.49,730,0.2066,1,89.1,4.0,0.0705,0.05,Full-time,Debt Consolidation,0
